"ID","Banda","nm","Reflectance","Repeticiones"
"Pina_26meses(SC)","Azul",451,0.019,1
"Pina_26meses(SC)","Azul",451,0.013,2
"Pina_26meses(SC)","Azul",451,0.023,3
"Pina_26meses(SC)","Azul",451,0.017,4
"Pina_26meses(SC)","Azul",451,0.016,5
"Pina_26meses(SC)","Azul",451,0.012,6
"Pina_26meses(SC)","Azul",451,0.011,7
"Pina_26meses(SC)","Azul",451,0.014,8
"Pina_26meses(SC)","Azul",451,0.014,9
"Pina_26meses(SC)","Azul",451,0.015,10
"Pina_26meses(SC)","Azul",451,0.015,11
"Pina_26meses(SC)","Azul",451,0.013,12
"Pina_26meses(SC)","Azul",451,0.013,13
"Pina_26meses(SC)","Azul",451,0.014,14
"Pina_26meses(SC)","Azul",451,0.024,15
"Pina_26meses(SC)","Azul",451,0.015,16
"Pina_26meses(SC)","Azul",451,0.019,17
"Pina_26meses(SC)","Azul",451,0.016,18
"Pina_26meses(SC)","Azul",451,0.017,19
"Pina_26meses(SC)","Azul",451,0.016,20
"Pina_26meses(SC)","Azul",452,0.02,1
"Pina_26meses(SC)","Azul",452,0.013,2
"Pina_26meses(SC)","Azul",452,0.024,3
"Pina_26meses(SC)","Azul",452,0.017,4
"Pina_26meses(SC)","Azul",452,0.016,5
"Pina_26meses(SC)","Azul",452,0.012,6
"Pina_26meses(SC)","Azul",452,0.011,7
"Pina_26meses(SC)","Azul",452,0.014,8
"Pina_26meses(SC)","Azul",452,0.014,9
"Pina_26meses(SC)","Azul",452,0.015,10
"Pina_26meses(SC)","Azul",452,0.016,11
"Pina_26meses(SC)","Azul",452,0.013,12
"Pina_26meses(SC)","Azul",452,0.013,13
"Pina_26meses(SC)","Azul",452,0.014,14
"Pina_26meses(SC)","Azul",452,0.024,15
"Pina_26meses(SC)","Azul",452,0.015,16
"Pina_26meses(SC)","Azul",452,0.019,17
"Pina_26meses(SC)","Azul",452,0.016,18
"Pina_26meses(SC)","Azul",452,0.017,19
"Pina_26meses(SC)","Azul",452,0.016,20
"Pina_26meses(SC)","Azul",453,0.02,1
"Pina_26meses(SC)","Azul",453,0.014,2
"Pina_26meses(SC)","Azul",453,0.024,3
"Pina_26meses(SC)","Azul",453,0.017,4
"Pina_26meses(SC)","Azul",453,0.016,5
"Pina_26meses(SC)","Azul",453,0.012,6
"Pina_26meses(SC)","Azul",453,0.011,7
"Pina_26meses(SC)","Azul",453,0.014,8
"Pina_26meses(SC)","Azul",453,0.014,9
"Pina_26meses(SC)","Azul",453,0.015,10
"Pina_26meses(SC)","Azul",453,0.016,11
"Pina_26meses(SC)","Azul",453,0.013,12
"Pina_26meses(SC)","Azul",453,0.013,13
"Pina_26meses(SC)","Azul",453,0.014,14
"Pina_26meses(SC)","Azul",453,0.024,15
"Pina_26meses(SC)","Azul",453,0.015,16
"Pina_26meses(SC)","Azul",453,0.019,17
"Pina_26meses(SC)","Azul",453,0.016,18
"Pina_26meses(SC)","Azul",453,0.017,19
"Pina_26meses(SC)","Azul",453,0.016,20
"Pina_26meses(SC)","Azul",454,0.02,1
"Pina_26meses(SC)","Azul",454,0.014,2
"Pina_26meses(SC)","Azul",454,0.024,3
"Pina_26meses(SC)","Azul",454,0.017,4
"Pina_26meses(SC)","Azul",454,0.017,5
"Pina_26meses(SC)","Azul",454,0.012,6
"Pina_26meses(SC)","Azul",454,0.011,7
"Pina_26meses(SC)","Azul",454,0.014,8
"Pina_26meses(SC)","Azul",454,0.014,9
"Pina_26meses(SC)","Azul",454,0.015,10
"Pina_26meses(SC)","Azul",454,0.016,11
"Pina_26meses(SC)","Azul",454,0.013,12
"Pina_26meses(SC)","Azul",454,0.013,13
"Pina_26meses(SC)","Azul",454,0.014,14
"Pina_26meses(SC)","Azul",454,0.024,15
"Pina_26meses(SC)","Azul",454,0.015,16
"Pina_26meses(SC)","Azul",454,0.019,17
"Pina_26meses(SC)","Azul",454,0.016,18
"Pina_26meses(SC)","Azul",454,0.017,19
"Pina_26meses(SC)","Azul",454,0.016,20
"Pina_26meses(SC)","Azul",455,0.02,1
"Pina_26meses(SC)","Azul",455,0.014,2
"Pina_26meses(SC)","Azul",455,0.024,3
"Pina_26meses(SC)","Azul",455,0.017,4
"Pina_26meses(SC)","Azul",455,0.017,5
"Pina_26meses(SC)","Azul",455,0.012,6
"Pina_26meses(SC)","Azul",455,0.011,7
"Pina_26meses(SC)","Azul",455,0.015,8
"Pina_26meses(SC)","Azul",455,0.014,9
"Pina_26meses(SC)","Azul",455,0.015,10
"Pina_26meses(SC)","Azul",455,0.016,11
"Pina_26meses(SC)","Azul",455,0.013,12
"Pina_26meses(SC)","Azul",455,0.013,13
"Pina_26meses(SC)","Azul",455,0.015,14
"Pina_26meses(SC)","Azul",455,0.025,15
"Pina_26meses(SC)","Azul",455,0.015,16
"Pina_26meses(SC)","Azul",455,0.019,17
"Pina_26meses(SC)","Azul",455,0.016,18
"Pina_26meses(SC)","Azul",455,0.017,19
"Pina_26meses(SC)","Azul",455,0.016,20
"Pina_26meses(SC)","Azul",456,0.02,1
"Pina_26meses(SC)","Azul",456,0.014,2
"Pina_26meses(SC)","Azul",456,0.024,3
"Pina_26meses(SC)","Azul",456,0.017,4
"Pina_26meses(SC)","Azul",456,0.017,5
"Pina_26meses(SC)","Azul",456,0.012,6
"Pina_26meses(SC)","Azul",456,0.011,7
"Pina_26meses(SC)","Azul",456,0.015,8
"Pina_26meses(SC)","Azul",456,0.014,9
"Pina_26meses(SC)","Azul",456,0.015,10
"Pina_26meses(SC)","Azul",456,0.016,11
"Pina_26meses(SC)","Azul",456,0.013,12
"Pina_26meses(SC)","Azul",456,0.013,13
"Pina_26meses(SC)","Azul",456,0.015,14
"Pina_26meses(SC)","Azul",456,0.025,15
"Pina_26meses(SC)","Azul",456,0.015,16
"Pina_26meses(SC)","Azul",456,0.019,17
"Pina_26meses(SC)","Azul",456,0.016,18
"Pina_26meses(SC)","Azul",456,0.017,19
"Pina_26meses(SC)","Azul",456,0.016,20
"Pina_26meses(SC)","Azul",457,0.02,1
"Pina_26meses(SC)","Azul",457,0.014,2
"Pina_26meses(SC)","Azul",457,0.024,3
"Pina_26meses(SC)","Azul",457,0.017,4
"Pina_26meses(SC)","Azul",457,0.017,5
"Pina_26meses(SC)","Azul",457,0.013,6
"Pina_26meses(SC)","Azul",457,0.011,7
"Pina_26meses(SC)","Azul",457,0.015,8
"Pina_26meses(SC)","Azul",457,0.014,9
"Pina_26meses(SC)","Azul",457,0.016,10
"Pina_26meses(SC)","Azul",457,0.016,11
"Pina_26meses(SC)","Azul",457,0.013,12
"Pina_26meses(SC)","Azul",457,0.013,13
"Pina_26meses(SC)","Azul",457,0.015,14
"Pina_26meses(SC)","Azul",457,0.025,15
"Pina_26meses(SC)","Azul",457,0.015,16
"Pina_26meses(SC)","Azul",457,0.019,17
"Pina_26meses(SC)","Azul",457,0.016,18
"Pina_26meses(SC)","Azul",457,0.017,19
"Pina_26meses(SC)","Azul",457,0.016,20
"Pina_26meses(SC)","Azul",458,0.02,1
"Pina_26meses(SC)","Azul",458,0.014,2
"Pina_26meses(SC)","Azul",458,0.024,3
"Pina_26meses(SC)","Azul",458,0.017,4
"Pina_26meses(SC)","Azul",458,0.017,5
"Pina_26meses(SC)","Azul",458,0.013,6
"Pina_26meses(SC)","Azul",458,0.011,7
"Pina_26meses(SC)","Azul",458,0.015,8
"Pina_26meses(SC)","Azul",458,0.014,9
"Pina_26meses(SC)","Azul",458,0.016,10
"Pina_26meses(SC)","Azul",458,0.016,11
"Pina_26meses(SC)","Azul",458,0.013,12
"Pina_26meses(SC)","Azul",458,0.013,13
"Pina_26meses(SC)","Azul",458,0.015,14
"Pina_26meses(SC)","Azul",458,0.025,15
"Pina_26meses(SC)","Azul",458,0.015,16
"Pina_26meses(SC)","Azul",458,0.019,17
"Pina_26meses(SC)","Azul",458,0.016,18
"Pina_26meses(SC)","Azul",458,0.017,19
"Pina_26meses(SC)","Azul",458,0.016,20
"Pina_26meses(SC)","Azul",459,0.02,1
"Pina_26meses(SC)","Azul",459,0.014,2
"Pina_26meses(SC)","Azul",459,0.024,3
"Pina_26meses(SC)","Azul",459,0.017,4
"Pina_26meses(SC)","Azul",459,0.017,5
"Pina_26meses(SC)","Azul",459,0.013,6
"Pina_26meses(SC)","Azul",459,0.011,7
"Pina_26meses(SC)","Azul",459,0.015,8
"Pina_26meses(SC)","Azul",459,0.014,9
"Pina_26meses(SC)","Azul",459,0.016,10
"Pina_26meses(SC)","Azul",459,0.016,11
"Pina_26meses(SC)","Azul",459,0.013,12
"Pina_26meses(SC)","Azul",459,0.013,13
"Pina_26meses(SC)","Azul",459,0.015,14
"Pina_26meses(SC)","Azul",459,0.025,15
"Pina_26meses(SC)","Azul",459,0.015,16
"Pina_26meses(SC)","Azul",459,0.019,17
"Pina_26meses(SC)","Azul",459,0.016,18
"Pina_26meses(SC)","Azul",459,0.017,19
"Pina_26meses(SC)","Azul",459,0.016,20
"Pina_26meses(SC)","Azul",460,0.02,1
"Pina_26meses(SC)","Azul",460,0.014,2
"Pina_26meses(SC)","Azul",460,0.024,3
"Pina_26meses(SC)","Azul",460,0.017,4
"Pina_26meses(SC)","Azul",460,0.017,5
"Pina_26meses(SC)","Azul",460,0.013,6
"Pina_26meses(SC)","Azul",460,0.011,7
"Pina_26meses(SC)","Azul",460,0.015,8
"Pina_26meses(SC)","Azul",460,0.014,9
"Pina_26meses(SC)","Azul",460,0.016,10
"Pina_26meses(SC)","Azul",460,0.016,11
"Pina_26meses(SC)","Azul",460,0.013,12
"Pina_26meses(SC)","Azul",460,0.013,13
"Pina_26meses(SC)","Azul",460,0.015,14
"Pina_26meses(SC)","Azul",460,0.025,15
"Pina_26meses(SC)","Azul",460,0.015,16
"Pina_26meses(SC)","Azul",460,0.019,17
"Pina_26meses(SC)","Azul",460,0.016,18
"Pina_26meses(SC)","Azul",460,0.017,19
"Pina_26meses(SC)","Azul",460,0.016,20
"Pina_26meses(SC)","Azul",461,0.02,1
"Pina_26meses(SC)","Azul",461,0.014,2
"Pina_26meses(SC)","Azul",461,0.024,3
"Pina_26meses(SC)","Azul",461,0.017,4
"Pina_26meses(SC)","Azul",461,0.017,5
"Pina_26meses(SC)","Azul",461,0.013,6
"Pina_26meses(SC)","Azul",461,0.011,7
"Pina_26meses(SC)","Azul",461,0.015,8
"Pina_26meses(SC)","Azul",461,0.014,9
"Pina_26meses(SC)","Azul",461,0.016,10
"Pina_26meses(SC)","Azul",461,0.016,11
"Pina_26meses(SC)","Azul",461,0.013,12
"Pina_26meses(SC)","Azul",461,0.013,13
"Pina_26meses(SC)","Azul",461,0.015,14
"Pina_26meses(SC)","Azul",461,0.025,15
"Pina_26meses(SC)","Azul",461,0.015,16
"Pina_26meses(SC)","Azul",461,0.019,17
"Pina_26meses(SC)","Azul",461,0.016,18
"Pina_26meses(SC)","Azul",461,0.017,19
"Pina_26meses(SC)","Azul",461,0.016,20
"Pina_26meses(SC)","Azul",462,0.02,1
"Pina_26meses(SC)","Azul",462,0.014,2
"Pina_26meses(SC)","Azul",462,0.024,3
"Pina_26meses(SC)","Azul",462,0.017,4
"Pina_26meses(SC)","Azul",462,0.017,5
"Pina_26meses(SC)","Azul",462,0.013,6
"Pina_26meses(SC)","Azul",462,0.011,7
"Pina_26meses(SC)","Azul",462,0.015,8
"Pina_26meses(SC)","Azul",462,0.014,9
"Pina_26meses(SC)","Azul",462,0.016,10
"Pina_26meses(SC)","Azul",462,0.016,11
"Pina_26meses(SC)","Azul",462,0.013,12
"Pina_26meses(SC)","Azul",462,0.013,13
"Pina_26meses(SC)","Azul",462,0.015,14
"Pina_26meses(SC)","Azul",462,0.025,15
"Pina_26meses(SC)","Azul",462,0.015,16
"Pina_26meses(SC)","Azul",462,0.019,17
"Pina_26meses(SC)","Azul",462,0.016,18
"Pina_26meses(SC)","Azul",462,0.017,19
"Pina_26meses(SC)","Azul",462,0.016,20
"Pina_26meses(SC)","Azul",463,0.02,1
"Pina_26meses(SC)","Azul",463,0.014,2
"Pina_26meses(SC)","Azul",463,0.024,3
"Pina_26meses(SC)","Azul",463,0.017,4
"Pina_26meses(SC)","Azul",463,0.017,5
"Pina_26meses(SC)","Azul",463,0.013,6
"Pina_26meses(SC)","Azul",463,0.011,7
"Pina_26meses(SC)","Azul",463,0.015,8
"Pina_26meses(SC)","Azul",463,0.014,9
"Pina_26meses(SC)","Azul",463,0.016,10
"Pina_26meses(SC)","Azul",463,0.016,11
"Pina_26meses(SC)","Azul",463,0.013,12
"Pina_26meses(SC)","Azul",463,0.013,13
"Pina_26meses(SC)","Azul",463,0.015,14
"Pina_26meses(SC)","Azul",463,0.025,15
"Pina_26meses(SC)","Azul",463,0.015,16
"Pina_26meses(SC)","Azul",463,0.019,17
"Pina_26meses(SC)","Azul",463,0.016,18
"Pina_26meses(SC)","Azul",463,0.017,19
"Pina_26meses(SC)","Azul",463,0.016,20
"Pina_26meses(SC)","Azul",464,0.02,1
"Pina_26meses(SC)","Azul",464,0.014,2
"Pina_26meses(SC)","Azul",464,0.024,3
"Pina_26meses(SC)","Azul",464,0.017,4
"Pina_26meses(SC)","Azul",464,0.017,5
"Pina_26meses(SC)","Azul",464,0.013,6
"Pina_26meses(SC)","Azul",464,0.011,7
"Pina_26meses(SC)","Azul",464,0.015,8
"Pina_26meses(SC)","Azul",464,0.014,9
"Pina_26meses(SC)","Azul",464,0.016,10
"Pina_26meses(SC)","Azul",464,0.016,11
"Pina_26meses(SC)","Azul",464,0.013,12
"Pina_26meses(SC)","Azul",464,0.013,13
"Pina_26meses(SC)","Azul",464,0.015,14
"Pina_26meses(SC)","Azul",464,0.025,15
"Pina_26meses(SC)","Azul",464,0.015,16
"Pina_26meses(SC)","Azul",464,0.019,17
"Pina_26meses(SC)","Azul",464,0.016,18
"Pina_26meses(SC)","Azul",464,0.017,19
"Pina_26meses(SC)","Azul",464,0.016,20
"Pina_26meses(SC)","Azul",465,0.02,1
"Pina_26meses(SC)","Azul",465,0.014,2
"Pina_26meses(SC)","Azul",465,0.024,3
"Pina_26meses(SC)","Azul",465,0.017,4
"Pina_26meses(SC)","Azul",465,0.017,5
"Pina_26meses(SC)","Azul",465,0.013,6
"Pina_26meses(SC)","Azul",465,0.011,7
"Pina_26meses(SC)","Azul",465,0.015,8
"Pina_26meses(SC)","Azul",465,0.014,9
"Pina_26meses(SC)","Azul",465,0.016,10
"Pina_26meses(SC)","Azul",465,0.016,11
"Pina_26meses(SC)","Azul",465,0.013,12
"Pina_26meses(SC)","Azul",465,0.013,13
"Pina_26meses(SC)","Azul",465,0.015,14
"Pina_26meses(SC)","Azul",465,0.025,15
"Pina_26meses(SC)","Azul",465,0.015,16
"Pina_26meses(SC)","Azul",465,0.019,17
"Pina_26meses(SC)","Azul",465,0.017,18
"Pina_26meses(SC)","Azul",465,0.017,19
"Pina_26meses(SC)","Azul",465,0.016,20
"Pina_26meses(SC)","Azul",466,0.02,1
"Pina_26meses(SC)","Azul",466,0.014,2
"Pina_26meses(SC)","Azul",466,0.024,3
"Pina_26meses(SC)","Azul",466,0.017,4
"Pina_26meses(SC)","Azul",466,0.017,5
"Pina_26meses(SC)","Azul",466,0.013,6
"Pina_26meses(SC)","Azul",466,0.011,7
"Pina_26meses(SC)","Azul",466,0.015,8
"Pina_26meses(SC)","Azul",466,0.014,9
"Pina_26meses(SC)","Azul",466,0.016,10
"Pina_26meses(SC)","Azul",466,0.016,11
"Pina_26meses(SC)","Azul",466,0.013,12
"Pina_26meses(SC)","Azul",466,0.013,13
"Pina_26meses(SC)","Azul",466,0.015,14
"Pina_26meses(SC)","Azul",466,0.025,15
"Pina_26meses(SC)","Azul",466,0.015,16
"Pina_26meses(SC)","Azul",466,0.02,17
"Pina_26meses(SC)","Azul",466,0.017,18
"Pina_26meses(SC)","Azul",466,0.017,19
"Pina_26meses(SC)","Azul",466,0.016,20
"Pina_26meses(SC)","Azul",467,0.02,1
"Pina_26meses(SC)","Azul",467,0.014,2
"Pina_26meses(SC)","Azul",467,0.024,3
"Pina_26meses(SC)","Azul",467,0.017,4
"Pina_26meses(SC)","Azul",467,0.017,5
"Pina_26meses(SC)","Azul",467,0.013,6
"Pina_26meses(SC)","Azul",467,0.011,7
"Pina_26meses(SC)","Azul",467,0.015,8
"Pina_26meses(SC)","Azul",467,0.015,9
"Pina_26meses(SC)","Azul",467,0.016,10
"Pina_26meses(SC)","Azul",467,0.016,11
"Pina_26meses(SC)","Azul",467,0.013,12
"Pina_26meses(SC)","Azul",467,0.013,13
"Pina_26meses(SC)","Azul",467,0.015,14
"Pina_26meses(SC)","Azul",467,0.025,15
"Pina_26meses(SC)","Azul",467,0.016,16
"Pina_26meses(SC)","Azul",467,0.02,17
"Pina_26meses(SC)","Azul",467,0.017,18
"Pina_26meses(SC)","Azul",467,0.017,19
"Pina_26meses(SC)","Azul",467,0.016,20
"Pina_26meses(SC)","Azul",468,0.02,1
"Pina_26meses(SC)","Azul",468,0.014,2
"Pina_26meses(SC)","Azul",468,0.024,3
"Pina_26meses(SC)","Azul",468,0.017,4
"Pina_26meses(SC)","Azul",468,0.017,5
"Pina_26meses(SC)","Azul",468,0.013,6
"Pina_26meses(SC)","Azul",468,0.012,7
"Pina_26meses(SC)","Azul",468,0.015,8
"Pina_26meses(SC)","Azul",468,0.015,9
"Pina_26meses(SC)","Azul",468,0.016,10
"Pina_26meses(SC)","Azul",468,0.016,11
"Pina_26meses(SC)","Azul",468,0.013,12
"Pina_26meses(SC)","Azul",468,0.013,13
"Pina_26meses(SC)","Azul",468,0.015,14
"Pina_26meses(SC)","Azul",468,0.025,15
"Pina_26meses(SC)","Azul",468,0.016,16
"Pina_26meses(SC)","Azul",468,0.02,17
"Pina_26meses(SC)","Azul",468,0.017,18
"Pina_26meses(SC)","Azul",468,0.017,19
"Pina_26meses(SC)","Azul",468,0.016,20
"Pina_26meses(SC)","Azul",469,0.02,1
"Pina_26meses(SC)","Azul",469,0.014,2
"Pina_26meses(SC)","Azul",469,0.024,3
"Pina_26meses(SC)","Azul",469,0.017,4
"Pina_26meses(SC)","Azul",469,0.017,5
"Pina_26meses(SC)","Azul",469,0.013,6
"Pina_26meses(SC)","Azul",469,0.012,7
"Pina_26meses(SC)","Azul",469,0.015,8
"Pina_26meses(SC)","Azul",469,0.015,9
"Pina_26meses(SC)","Azul",469,0.016,10
"Pina_26meses(SC)","Azul",469,0.016,11
"Pina_26meses(SC)","Azul",469,0.013,12
"Pina_26meses(SC)","Azul",469,0.013,13
"Pina_26meses(SC)","Azul",469,0.015,14
"Pina_26meses(SC)","Azul",469,0.025,15
"Pina_26meses(SC)","Azul",469,0.016,16
"Pina_26meses(SC)","Azul",469,0.02,17
"Pina_26meses(SC)","Azul",469,0.017,18
"Pina_26meses(SC)","Azul",469,0.017,19
"Pina_26meses(SC)","Azul",469,0.016,20
"Pina_26meses(SC)","Azul",470,0.02,1
"Pina_26meses(SC)","Azul",470,0.014,2
"Pina_26meses(SC)","Azul",470,0.024,3
"Pina_26meses(SC)","Azul",470,0.017,4
"Pina_26meses(SC)","Azul",470,0.017,5
"Pina_26meses(SC)","Azul",470,0.013,6
"Pina_26meses(SC)","Azul",470,0.011,7
"Pina_26meses(SC)","Azul",470,0.015,8
"Pina_26meses(SC)","Azul",470,0.015,9
"Pina_26meses(SC)","Azul",470,0.016,10
"Pina_26meses(SC)","Azul",470,0.016,11
"Pina_26meses(SC)","Azul",470,0.013,12
"Pina_26meses(SC)","Azul",470,0.013,13
"Pina_26meses(SC)","Azul",470,0.015,14
"Pina_26meses(SC)","Azul",470,0.025,15
"Pina_26meses(SC)","Azul",470,0.016,16
"Pina_26meses(SC)","Azul",470,0.02,17
"Pina_26meses(SC)","Azul",470,0.017,18
"Pina_26meses(SC)","Azul",470,0.017,19
"Pina_26meses(SC)","Azul",470,0.016,20
"Pina_26meses(SC)","Azul",471,0.021,1
"Pina_26meses(SC)","Azul",471,0.014,2
"Pina_26meses(SC)","Azul",471,0.024,3
"Pina_26meses(SC)","Azul",471,0.018,4
"Pina_26meses(SC)","Azul",471,0.017,5
"Pina_26meses(SC)","Azul",471,0.013,6
"Pina_26meses(SC)","Azul",471,0.012,7
"Pina_26meses(SC)","Azul",471,0.015,8
"Pina_26meses(SC)","Azul",471,0.015,9
"Pina_26meses(SC)","Azul",471,0.016,10
"Pina_26meses(SC)","Azul",471,0.016,11
"Pina_26meses(SC)","Azul",471,0.013,12
"Pina_26meses(SC)","Azul",471,0.013,13
"Pina_26meses(SC)","Azul",471,0.015,14
"Pina_26meses(SC)","Azul",471,0.025,15
"Pina_26meses(SC)","Azul",471,0.016,16
"Pina_26meses(SC)","Azul",471,0.02,17
"Pina_26meses(SC)","Azul",471,0.017,18
"Pina_26meses(SC)","Azul",471,0.017,19
"Pina_26meses(SC)","Azul",471,0.016,20
"Pina_26meses(SC)","Azul",472,0.021,1
"Pina_26meses(SC)","Azul",472,0.014,2
"Pina_26meses(SC)","Azul",472,0.024,3
"Pina_26meses(SC)","Azul",472,0.018,4
"Pina_26meses(SC)","Azul",472,0.017,5
"Pina_26meses(SC)","Azul",472,0.013,6
"Pina_26meses(SC)","Azul",472,0.012,7
"Pina_26meses(SC)","Azul",472,0.015,8
"Pina_26meses(SC)","Azul",472,0.015,9
"Pina_26meses(SC)","Azul",472,0.016,10
"Pina_26meses(SC)","Azul",472,0.016,11
"Pina_26meses(SC)","Azul",472,0.013,12
"Pina_26meses(SC)","Azul",472,0.013,13
"Pina_26meses(SC)","Azul",472,0.015,14
"Pina_26meses(SC)","Azul",472,0.025,15
"Pina_26meses(SC)","Azul",472,0.016,16
"Pina_26meses(SC)","Azul",472,0.02,17
"Pina_26meses(SC)","Azul",472,0.017,18
"Pina_26meses(SC)","Azul",472,0.017,19
"Pina_26meses(SC)","Azul",472,0.016,20
"Pina_26meses(SC)","Azul",473,0.021,1
"Pina_26meses(SC)","Azul",473,0.014,2
"Pina_26meses(SC)","Azul",473,0.024,3
"Pina_26meses(SC)","Azul",473,0.018,4
"Pina_26meses(SC)","Azul",473,0.017,5
"Pina_26meses(SC)","Azul",473,0.013,6
"Pina_26meses(SC)","Azul",473,0.012,7
"Pina_26meses(SC)","Azul",473,0.015,8
"Pina_26meses(SC)","Azul",473,0.015,9
"Pina_26meses(SC)","Azul",473,0.016,10
"Pina_26meses(SC)","Azul",473,0.016,11
"Pina_26meses(SC)","Azul",473,0.013,12
"Pina_26meses(SC)","Azul",473,0.013,13
"Pina_26meses(SC)","Azul",473,0.015,14
"Pina_26meses(SC)","Azul",473,0.025,15
"Pina_26meses(SC)","Azul",473,0.016,16
"Pina_26meses(SC)","Azul",473,0.02,17
"Pina_26meses(SC)","Azul",473,0.017,18
"Pina_26meses(SC)","Azul",473,0.017,19
"Pina_26meses(SC)","Azul",473,0.017,20
"Pina_26meses(SC)","Azul",474,0.021,1
"Pina_26meses(SC)","Azul",474,0.014,2
"Pina_26meses(SC)","Azul",474,0.024,3
"Pina_26meses(SC)","Azul",474,0.018,4
"Pina_26meses(SC)","Azul",474,0.017,5
"Pina_26meses(SC)","Azul",474,0.013,6
"Pina_26meses(SC)","Azul",474,0.012,7
"Pina_26meses(SC)","Azul",474,0.015,8
"Pina_26meses(SC)","Azul",474,0.015,9
"Pina_26meses(SC)","Azul",474,0.016,10
"Pina_26meses(SC)","Azul",474,0.016,11
"Pina_26meses(SC)","Azul",474,0.013,12
"Pina_26meses(SC)","Azul",474,0.013,13
"Pina_26meses(SC)","Azul",474,0.015,14
"Pina_26meses(SC)","Azul",474,0.025,15
"Pina_26meses(SC)","Azul",474,0.016,16
"Pina_26meses(SC)","Azul",474,0.02,17
"Pina_26meses(SC)","Azul",474,0.017,18
"Pina_26meses(SC)","Azul",474,0.017,19
"Pina_26meses(SC)","Azul",474,0.016,20
"Pina_26meses(SC)","Azul",475,0.021,1
"Pina_26meses(SC)","Azul",475,0.014,2
"Pina_26meses(SC)","Azul",475,0.025,3
"Pina_26meses(SC)","Azul",475,0.018,4
"Pina_26meses(SC)","Azul",475,0.017,5
"Pina_26meses(SC)","Azul",475,0.013,6
"Pina_26meses(SC)","Azul",475,0.012,7
"Pina_26meses(SC)","Azul",475,0.015,8
"Pina_26meses(SC)","Azul",475,0.015,9
"Pina_26meses(SC)","Azul",475,0.016,10
"Pina_26meses(SC)","Azul",475,0.016,11
"Pina_26meses(SC)","Azul",475,0.013,12
"Pina_26meses(SC)","Azul",475,0.013,13
"Pina_26meses(SC)","Azul",475,0.015,14
"Pina_26meses(SC)","Azul",475,0.025,15
"Pina_26meses(SC)","Azul",475,0.016,16
"Pina_26meses(SC)","Azul",475,0.02,17
"Pina_26meses(SC)","Azul",475,0.017,18
"Pina_26meses(SC)","Azul",475,0.017,19
"Pina_26meses(SC)","Azul",475,0.017,20
"Pina_26meses(SC)","Azul",476,0.021,1
"Pina_26meses(SC)","Azul",476,0.014,2
"Pina_26meses(SC)","Azul",476,0.025,3
"Pina_26meses(SC)","Azul",476,0.018,4
"Pina_26meses(SC)","Azul",476,0.017,5
"Pina_26meses(SC)","Azul",476,0.013,6
"Pina_26meses(SC)","Azul",476,0.012,7
"Pina_26meses(SC)","Azul",476,0.015,8
"Pina_26meses(SC)","Azul",476,0.015,9
"Pina_26meses(SC)","Azul",476,0.016,10
"Pina_26meses(SC)","Azul",476,0.016,11
"Pina_26meses(SC)","Azul",476,0.013,12
"Pina_26meses(SC)","Azul",476,0.013,13
"Pina_26meses(SC)","Azul",476,0.015,14
"Pina_26meses(SC)","Azul",476,0.025,15
"Pina_26meses(SC)","Azul",476,0.016,16
"Pina_26meses(SC)","Azul",476,0.02,17
"Pina_26meses(SC)","Azul",476,0.017,18
"Pina_26meses(SC)","Azul",476,0.017,19
"Pina_26meses(SC)","Azul",476,0.017,20
"Pina_26meses(SC)","Azul",477,0.021,1
"Pina_26meses(SC)","Azul",477,0.014,2
"Pina_26meses(SC)","Azul",477,0.025,3
"Pina_26meses(SC)","Azul",477,0.018,4
"Pina_26meses(SC)","Azul",477,0.017,5
"Pina_26meses(SC)","Azul",477,0.013,6
"Pina_26meses(SC)","Azul",477,0.012,7
"Pina_26meses(SC)","Azul",477,0.015,8
"Pina_26meses(SC)","Azul",477,0.015,9
"Pina_26meses(SC)","Azul",477,0.016,10
"Pina_26meses(SC)","Azul",477,0.016,11
"Pina_26meses(SC)","Azul",477,0.013,12
"Pina_26meses(SC)","Azul",477,0.013,13
"Pina_26meses(SC)","Azul",477,0.015,14
"Pina_26meses(SC)","Azul",477,0.025,15
"Pina_26meses(SC)","Azul",477,0.016,16
"Pina_26meses(SC)","Azul",477,0.02,17
"Pina_26meses(SC)","Azul",477,0.017,18
"Pina_26meses(SC)","Azul",477,0.017,19
"Pina_26meses(SC)","Azul",477,0.017,20
"Pina_26meses(SC)","Azul",478,0.021,1
"Pina_26meses(SC)","Azul",478,0.014,2
"Pina_26meses(SC)","Azul",478,0.025,3
"Pina_26meses(SC)","Azul",478,0.018,4
"Pina_26meses(SC)","Azul",478,0.017,5
"Pina_26meses(SC)","Azul",478,0.013,6
"Pina_26meses(SC)","Azul",478,0.012,7
"Pina_26meses(SC)","Azul",478,0.015,8
"Pina_26meses(SC)","Azul",478,0.015,9
"Pina_26meses(SC)","Azul",478,0.016,10
"Pina_26meses(SC)","Azul",478,0.016,11
"Pina_26meses(SC)","Azul",478,0.013,12
"Pina_26meses(SC)","Azul",478,0.013,13
"Pina_26meses(SC)","Azul",478,0.015,14
"Pina_26meses(SC)","Azul",478,0.026,15
"Pina_26meses(SC)","Azul",478,0.016,16
"Pina_26meses(SC)","Azul",478,0.02,17
"Pina_26meses(SC)","Azul",478,0.017,18
"Pina_26meses(SC)","Azul",478,0.018,19
"Pina_26meses(SC)","Azul",478,0.017,20
"Pina_26meses(SC)","Azul",479,0.021,1
"Pina_26meses(SC)","Azul",479,0.014,2
"Pina_26meses(SC)","Azul",479,0.025,3
"Pina_26meses(SC)","Azul",479,0.018,4
"Pina_26meses(SC)","Azul",479,0.017,5
"Pina_26meses(SC)","Azul",479,0.013,6
"Pina_26meses(SC)","Azul",479,0.012,7
"Pina_26meses(SC)","Azul",479,0.015,8
"Pina_26meses(SC)","Azul",479,0.015,9
"Pina_26meses(SC)","Azul",479,0.016,10
"Pina_26meses(SC)","Azul",479,0.016,11
"Pina_26meses(SC)","Azul",479,0.014,12
"Pina_26meses(SC)","Azul",479,0.013,13
"Pina_26meses(SC)","Azul",479,0.015,14
"Pina_26meses(SC)","Azul",479,0.026,15
"Pina_26meses(SC)","Azul",479,0.016,16
"Pina_26meses(SC)","Azul",479,0.02,17
"Pina_26meses(SC)","Azul",479,0.017,18
"Pina_26meses(SC)","Azul",479,0.018,19
"Pina_26meses(SC)","Azul",479,0.017,20
"Pina_26meses(SC)","Azul",480,0.021,1
"Pina_26meses(SC)","Azul",480,0.014,2
"Pina_26meses(SC)","Azul",480,0.025,3
"Pina_26meses(SC)","Azul",480,0.018,4
"Pina_26meses(SC)","Azul",480,0.017,5
"Pina_26meses(SC)","Azul",480,0.013,6
"Pina_26meses(SC)","Azul",480,0.012,7
"Pina_26meses(SC)","Azul",480,0.015,8
"Pina_26meses(SC)","Azul",480,0.015,9
"Pina_26meses(SC)","Azul",480,0.016,10
"Pina_26meses(SC)","Azul",480,0.016,11
"Pina_26meses(SC)","Azul",480,0.014,12
"Pina_26meses(SC)","Azul",480,0.013,13
"Pina_26meses(SC)","Azul",480,0.015,14
"Pina_26meses(SC)","Azul",480,0.026,15
"Pina_26meses(SC)","Azul",480,0.016,16
"Pina_26meses(SC)","Azul",480,0.02,17
"Pina_26meses(SC)","Azul",480,0.017,18
"Pina_26meses(SC)","Azul",480,0.018,19
"Pina_26meses(SC)","Azul",480,0.017,20
"Pina_26meses(SC)","Azul",481,0.021,1
"Pina_26meses(SC)","Azul",481,0.015,2
"Pina_26meses(SC)","Azul",481,0.025,3
"Pina_26meses(SC)","Azul",481,0.018,4
"Pina_26meses(SC)","Azul",481,0.018,5
"Pina_26meses(SC)","Azul",481,0.013,6
"Pina_26meses(SC)","Azul",481,0.012,7
"Pina_26meses(SC)","Azul",481,0.015,8
"Pina_26meses(SC)","Azul",481,0.015,9
"Pina_26meses(SC)","Azul",481,0.016,10
"Pina_26meses(SC)","Azul",481,0.016,11
"Pina_26meses(SC)","Azul",481,0.014,12
"Pina_26meses(SC)","Azul",481,0.013,13
"Pina_26meses(SC)","Azul",481,0.015,14
"Pina_26meses(SC)","Azul",481,0.026,15
"Pina_26meses(SC)","Azul",481,0.016,16
"Pina_26meses(SC)","Azul",481,0.02,17
"Pina_26meses(SC)","Azul",481,0.017,18
"Pina_26meses(SC)","Azul",481,0.018,19
"Pina_26meses(SC)","Azul",481,0.017,20
"Pina_26meses(SC)","Azul",482,0.021,1
"Pina_26meses(SC)","Azul",482,0.015,2
"Pina_26meses(SC)","Azul",482,0.025,3
"Pina_26meses(SC)","Azul",482,0.018,4
"Pina_26meses(SC)","Azul",482,0.018,5
"Pina_26meses(SC)","Azul",482,0.013,6
"Pina_26meses(SC)","Azul",482,0.012,7
"Pina_26meses(SC)","Azul",482,0.015,8
"Pina_26meses(SC)","Azul",482,0.015,9
"Pina_26meses(SC)","Azul",482,0.016,10
"Pina_26meses(SC)","Azul",482,0.016,11
"Pina_26meses(SC)","Azul",482,0.014,12
"Pina_26meses(SC)","Azul",482,0.013,13
"Pina_26meses(SC)","Azul",482,0.015,14
"Pina_26meses(SC)","Azul",482,0.026,15
"Pina_26meses(SC)","Azul",482,0.016,16
"Pina_26meses(SC)","Azul",482,0.02,17
"Pina_26meses(SC)","Azul",482,0.017,18
"Pina_26meses(SC)","Azul",482,0.018,19
"Pina_26meses(SC)","Azul",482,0.017,20
"Pina_26meses(SC)","Azul",483,0.021,1
"Pina_26meses(SC)","Azul",483,0.015,2
"Pina_26meses(SC)","Azul",483,0.025,3
"Pina_26meses(SC)","Azul",483,0.018,4
"Pina_26meses(SC)","Azul",483,0.018,5
"Pina_26meses(SC)","Azul",483,0.013,6
"Pina_26meses(SC)","Azul",483,0.012,7
"Pina_26meses(SC)","Azul",483,0.015,8
"Pina_26meses(SC)","Azul",483,0.015,9
"Pina_26meses(SC)","Azul",483,0.016,10
"Pina_26meses(SC)","Azul",483,0.016,11
"Pina_26meses(SC)","Azul",483,0.014,12
"Pina_26meses(SC)","Azul",483,0.014,13
"Pina_26meses(SC)","Azul",483,0.015,14
"Pina_26meses(SC)","Azul",483,0.026,15
"Pina_26meses(SC)","Azul",483,0.016,16
"Pina_26meses(SC)","Azul",483,0.02,17
"Pina_26meses(SC)","Azul",483,0.017,18
"Pina_26meses(SC)","Azul",483,0.018,19
"Pina_26meses(SC)","Azul",483,0.017,20
"Pina_26meses(SC)","Azul",484,0.021,1
"Pina_26meses(SC)","Azul",484,0.015,2
"Pina_26meses(SC)","Azul",484,0.025,3
"Pina_26meses(SC)","Azul",484,0.018,4
"Pina_26meses(SC)","Azul",484,0.018,5
"Pina_26meses(SC)","Azul",484,0.013,6
"Pina_26meses(SC)","Azul",484,0.012,7
"Pina_26meses(SC)","Azul",484,0.015,8
"Pina_26meses(SC)","Azul",484,0.015,9
"Pina_26meses(SC)","Azul",484,0.017,10
"Pina_26meses(SC)","Azul",484,0.017,11
"Pina_26meses(SC)","Azul",484,0.014,12
"Pina_26meses(SC)","Azul",484,0.014,13
"Pina_26meses(SC)","Azul",484,0.015,14
"Pina_26meses(SC)","Azul",484,0.026,15
"Pina_26meses(SC)","Azul",484,0.016,16
"Pina_26meses(SC)","Azul",484,0.02,17
"Pina_26meses(SC)","Azul",484,0.017,18
"Pina_26meses(SC)","Azul",484,0.018,19
"Pina_26meses(SC)","Azul",484,0.017,20
"Pina_26meses(SC)","Azul",485,0.021,1
"Pina_26meses(SC)","Azul",485,0.015,2
"Pina_26meses(SC)","Azul",485,0.025,3
"Pina_26meses(SC)","Azul",485,0.018,4
"Pina_26meses(SC)","Azul",485,0.018,5
"Pina_26meses(SC)","Azul",485,0.014,6
"Pina_26meses(SC)","Azul",485,0.012,7
"Pina_26meses(SC)","Azul",485,0.015,8
"Pina_26meses(SC)","Azul",485,0.015,9
"Pina_26meses(SC)","Azul",485,0.017,10
"Pina_26meses(SC)","Azul",485,0.017,11
"Pina_26meses(SC)","Azul",485,0.014,12
"Pina_26meses(SC)","Azul",485,0.014,13
"Pina_26meses(SC)","Azul",485,0.015,14
"Pina_26meses(SC)","Azul",485,0.026,15
"Pina_26meses(SC)","Azul",485,0.016,16
"Pina_26meses(SC)","Azul",485,0.02,17
"Pina_26meses(SC)","Azul",485,0.017,18
"Pina_26meses(SC)","Azul",485,0.018,19
"Pina_26meses(SC)","Azul",485,0.017,20
"Pina_26meses(SC)","Azul",486,0.021,1
"Pina_26meses(SC)","Azul",486,0.015,2
"Pina_26meses(SC)","Azul",486,0.025,3
"Pina_26meses(SC)","Azul",486,0.018,4
"Pina_26meses(SC)","Azul",486,0.018,5
"Pina_26meses(SC)","Azul",486,0.014,6
"Pina_26meses(SC)","Azul",486,0.012,7
"Pina_26meses(SC)","Azul",486,0.015,8
"Pina_26meses(SC)","Azul",486,0.015,9
"Pina_26meses(SC)","Azul",486,0.017,10
"Pina_26meses(SC)","Azul",486,0.017,11
"Pina_26meses(SC)","Azul",486,0.014,12
"Pina_26meses(SC)","Azul",486,0.014,13
"Pina_26meses(SC)","Azul",486,0.016,14
"Pina_26meses(SC)","Azul",486,0.026,15
"Pina_26meses(SC)","Azul",486,0.016,16
"Pina_26meses(SC)","Azul",486,0.02,17
"Pina_26meses(SC)","Azul",486,0.017,18
"Pina_26meses(SC)","Azul",486,0.018,19
"Pina_26meses(SC)","Azul",486,0.017,20
"Pina_26meses(SC)","Azul",487,0.021,1
"Pina_26meses(SC)","Azul",487,0.015,2
"Pina_26meses(SC)","Azul",487,0.025,3
"Pina_26meses(SC)","Azul",487,0.018,4
"Pina_26meses(SC)","Azul",487,0.018,5
"Pina_26meses(SC)","Azul",487,0.014,6
"Pina_26meses(SC)","Azul",487,0.012,7
"Pina_26meses(SC)","Azul",487,0.015,8
"Pina_26meses(SC)","Azul",487,0.015,9
"Pina_26meses(SC)","Azul",487,0.017,10
"Pina_26meses(SC)","Azul",487,0.017,11
"Pina_26meses(SC)","Azul",487,0.014,12
"Pina_26meses(SC)","Azul",487,0.014,13
"Pina_26meses(SC)","Azul",487,0.016,14
"Pina_26meses(SC)","Azul",487,0.026,15
"Pina_26meses(SC)","Azul",487,0.017,16
"Pina_26meses(SC)","Azul",487,0.021,17
"Pina_26meses(SC)","Azul",487,0.017,18
"Pina_26meses(SC)","Azul",487,0.018,19
"Pina_26meses(SC)","Azul",487,0.017,20
"Pina_26meses(SC)","Azul",488,0.022,1
"Pina_26meses(SC)","Azul",488,0.015,2
"Pina_26meses(SC)","Azul",488,0.025,3
"Pina_26meses(SC)","Azul",488,0.018,4
"Pina_26meses(SC)","Azul",488,0.018,5
"Pina_26meses(SC)","Azul",488,0.014,6
"Pina_26meses(SC)","Azul",488,0.012,7
"Pina_26meses(SC)","Azul",488,0.015,8
"Pina_26meses(SC)","Azul",488,0.016,9
"Pina_26meses(SC)","Azul",488,0.017,10
"Pina_26meses(SC)","Azul",488,0.017,11
"Pina_26meses(SC)","Azul",488,0.014,12
"Pina_26meses(SC)","Azul",488,0.014,13
"Pina_26meses(SC)","Azul",488,0.016,14
"Pina_26meses(SC)","Azul",488,0.026,15
"Pina_26meses(SC)","Azul",488,0.017,16
"Pina_26meses(SC)","Azul",488,0.021,17
"Pina_26meses(SC)","Azul",488,0.017,18
"Pina_26meses(SC)","Azul",488,0.018,19
"Pina_26meses(SC)","Azul",488,0.017,20
"Pina_26meses(SC)","Azul",489,0.022,1
"Pina_26meses(SC)","Azul",489,0.015,2
"Pina_26meses(SC)","Azul",489,0.026,3
"Pina_26meses(SC)","Azul",489,0.018,4
"Pina_26meses(SC)","Azul",489,0.018,5
"Pina_26meses(SC)","Azul",489,0.014,6
"Pina_26meses(SC)","Azul",489,0.012,7
"Pina_26meses(SC)","Azul",489,0.015,8
"Pina_26meses(SC)","Azul",489,0.016,9
"Pina_26meses(SC)","Azul",489,0.017,10
"Pina_26meses(SC)","Azul",489,0.017,11
"Pina_26meses(SC)","Azul",489,0.014,12
"Pina_26meses(SC)","Azul",489,0.014,13
"Pina_26meses(SC)","Azul",489,0.016,14
"Pina_26meses(SC)","Azul",489,0.026,15
"Pina_26meses(SC)","Azul",489,0.017,16
"Pina_26meses(SC)","Azul",489,0.021,17
"Pina_26meses(SC)","Azul",489,0.017,18
"Pina_26meses(SC)","Azul",489,0.018,19
"Pina_26meses(SC)","Azul",489,0.017,20
"Pina_26meses(SC)","Azul",490,0.022,1
"Pina_26meses(SC)","Azul",490,0.015,2
"Pina_26meses(SC)","Azul",490,0.026,3
"Pina_26meses(SC)","Azul",490,0.018,4
"Pina_26meses(SC)","Azul",490,0.018,5
"Pina_26meses(SC)","Azul",490,0.014,6
"Pina_26meses(SC)","Azul",490,0.012,7
"Pina_26meses(SC)","Azul",490,0.016,8
"Pina_26meses(SC)","Azul",490,0.016,9
"Pina_26meses(SC)","Azul",490,0.017,10
"Pina_26meses(SC)","Azul",490,0.017,11
"Pina_26meses(SC)","Azul",490,0.014,12
"Pina_26meses(SC)","Azul",490,0.014,13
"Pina_26meses(SC)","Azul",490,0.016,14
"Pina_26meses(SC)","Azul",490,0.026,15
"Pina_26meses(SC)","Azul",490,0.017,16
"Pina_26meses(SC)","Azul",490,0.021,17
"Pina_26meses(SC)","Azul",490,0.017,18
"Pina_26meses(SC)","Azul",490,0.018,19
"Pina_26meses(SC)","Azul",490,0.017,20
"Pina_26meses(SC)","Azul",491,0.022,1
"Pina_26meses(SC)","Azul",491,0.015,2
"Pina_26meses(SC)","Azul",491,0.026,3
"Pina_26meses(SC)","Azul",491,0.019,4
"Pina_26meses(SC)","Azul",491,0.018,5
"Pina_26meses(SC)","Azul",491,0.014,6
"Pina_26meses(SC)","Azul",491,0.012,7
"Pina_26meses(SC)","Azul",491,0.016,8
"Pina_26meses(SC)","Azul",491,0.016,9
"Pina_26meses(SC)","Azul",491,0.017,10
"Pina_26meses(SC)","Azul",491,0.017,11
"Pina_26meses(SC)","Azul",491,0.014,12
"Pina_26meses(SC)","Azul",491,0.014,13
"Pina_26meses(SC)","Azul",491,0.016,14
"Pina_26meses(SC)","Azul",491,0.027,15
"Pina_26meses(SC)","Azul",491,0.017,16
"Pina_26meses(SC)","Azul",491,0.021,17
"Pina_26meses(SC)","Azul",491,0.018,18
"Pina_26meses(SC)","Azul",491,0.018,19
"Pina_26meses(SC)","Azul",491,0.017,20
"Pina_26meses(SC)","Azul",492,0.022,1
"Pina_26meses(SC)","Azul",492,0.016,2
"Pina_26meses(SC)","Azul",492,0.026,3
"Pina_26meses(SC)","Azul",492,0.019,4
"Pina_26meses(SC)","Azul",492,0.018,5
"Pina_26meses(SC)","Azul",492,0.014,6
"Pina_26meses(SC)","Azul",492,0.012,7
"Pina_26meses(SC)","Azul",492,0.016,8
"Pina_26meses(SC)","Azul",492,0.016,9
"Pina_26meses(SC)","Azul",492,0.017,10
"Pina_26meses(SC)","Azul",492,0.017,11
"Pina_26meses(SC)","Azul",492,0.014,12
"Pina_26meses(SC)","Azul",492,0.014,13
"Pina_26meses(SC)","Azul",492,0.016,14
"Pina_26meses(SC)","Azul",492,0.027,15
"Pina_26meses(SC)","Azul",492,0.017,16
"Pina_26meses(SC)","Azul",492,0.021,17
"Pina_26meses(SC)","Azul",492,0.018,18
"Pina_26meses(SC)","Azul",492,0.019,19
"Pina_26meses(SC)","Azul",492,0.018,20
"Pina_26meses(SC)","Azul",493,0.022,1
"Pina_26meses(SC)","Azul",493,0.016,2
"Pina_26meses(SC)","Azul",493,0.026,3
"Pina_26meses(SC)","Azul",493,0.019,4
"Pina_26meses(SC)","Azul",493,0.018,5
"Pina_26meses(SC)","Azul",493,0.014,6
"Pina_26meses(SC)","Azul",493,0.013,7
"Pina_26meses(SC)","Azul",493,0.016,8
"Pina_26meses(SC)","Azul",493,0.016,9
"Pina_26meses(SC)","Azul",493,0.017,10
"Pina_26meses(SC)","Azul",493,0.017,11
"Pina_26meses(SC)","Azul",493,0.014,12
"Pina_26meses(SC)","Azul",493,0.014,13
"Pina_26meses(SC)","Azul",493,0.016,14
"Pina_26meses(SC)","Azul",493,0.027,15
"Pina_26meses(SC)","Azul",493,0.017,16
"Pina_26meses(SC)","Azul",493,0.021,17
"Pina_26meses(SC)","Azul",493,0.018,18
"Pina_26meses(SC)","Azul",493,0.019,19
"Pina_26meses(SC)","Azul",493,0.018,20
"Pina_26meses(SC)","Azul",494,0.022,1
"Pina_26meses(SC)","Azul",494,0.016,2
"Pina_26meses(SC)","Azul",494,0.027,3
"Pina_26meses(SC)","Azul",494,0.019,4
"Pina_26meses(SC)","Azul",494,0.019,5
"Pina_26meses(SC)","Azul",494,0.014,6
"Pina_26meses(SC)","Azul",494,0.013,7
"Pina_26meses(SC)","Azul",494,0.016,8
"Pina_26meses(SC)","Azul",494,0.016,9
"Pina_26meses(SC)","Azul",494,0.018,10
"Pina_26meses(SC)","Azul",494,0.017,11
"Pina_26meses(SC)","Azul",494,0.015,12
"Pina_26meses(SC)","Azul",494,0.014,13
"Pina_26meses(SC)","Azul",494,0.016,14
"Pina_26meses(SC)","Azul",494,0.027,15
"Pina_26meses(SC)","Azul",494,0.018,16
"Pina_26meses(SC)","Azul",494,0.021,17
"Pina_26meses(SC)","Azul",494,0.018,18
"Pina_26meses(SC)","Azul",494,0.019,19
"Pina_26meses(SC)","Azul",494,0.018,20
"Pina_26meses(SC)","Azul",495,0.023,1
"Pina_26meses(SC)","Azul",495,0.016,2
"Pina_26meses(SC)","Azul",495,0.027,3
"Pina_26meses(SC)","Azul",495,0.019,4
"Pina_26meses(SC)","Azul",495,0.019,5
"Pina_26meses(SC)","Azul",495,0.014,6
"Pina_26meses(SC)","Azul",495,0.013,7
"Pina_26meses(SC)","Azul",495,0.016,8
"Pina_26meses(SC)","Azul",495,0.016,9
"Pina_26meses(SC)","Azul",495,0.018,10
"Pina_26meses(SC)","Azul",495,0.017,11
"Pina_26meses(SC)","Azul",495,0.015,12
"Pina_26meses(SC)","Azul",495,0.014,13
"Pina_26meses(SC)","Azul",495,0.017,14
"Pina_26meses(SC)","Azul",495,0.027,15
"Pina_26meses(SC)","Azul",495,0.018,16
"Pina_26meses(SC)","Azul",495,0.021,17
"Pina_26meses(SC)","Azul",495,0.018,18
"Pina_26meses(SC)","Azul",495,0.019,19
"Pina_26meses(SC)","Azul",495,0.018,20
