ID,Azul,Verde,Rojo
Asys_floracion(SC),0.027,0.032,0.058
Asys_floracion(SC),0.019,0.021,0.034
Asys_floracion(SC),0.031,0.034,0.052
Asys_floracion(SC),0.024,0.028,0.045
Asys_floracion(SC),0.016,0.018,0.028
Asys_floracion(SC),0.018,0.021,0.033
Asys_floracion(SC),0.016,0.018,0.03
Asys_floracion(SC),0.015,0.018,0.036
Asys_floracion(SC),0.028,0.032,0.057
Asys_floracion(SC),0.036,0.04,0.059
Asys_floracion(SC),0.026,0.03,0.048
Asys_floracion(SC),0.028,0.033,0.057
Asys_floracion(SC),0.035,0.04,0.074
Asys_floracion(SC),0.024,0.027,0.045
Asys_floracion(SC),0.025,0.028,0.046
Asys_floracion(SC),0.025,0.028,0.048
Asys_floracion(SC),0.021,0.024,0.041
Asys_floracion(SC),0.024,0.027,0.045
Asys_floracion(SC),0.02,0.022,0.037
Asys_floracion(SC),0.02,0.023,0.038
Asys_floracion(SC),0.027,0.032,0.057
Asys_floracion(SC),0.019,0.021,0.034
Asys_floracion(SC),0.031,0.034,0.052
Asys_floracion(SC),0.025,0.028,0.045
Asys_floracion(SC),0.016,0.018,0.028
Asys_floracion(SC),0.018,0.021,0.033
Asys_floracion(SC),0.016,0.018,0.03
Asys_floracion(SC),0.016,0.019,0.035
Asys_floracion(SC),0.028,0.033,0.057
Asys_floracion(SC),0.037,0.04,0.059
Asys_floracion(SC),0.026,0.03,0.048
Asys_floracion(SC),0.028,0.033,0.056
Asys_floracion(SC),0.035,0.041,0.074
Asys_floracion(SC),0.024,0.027,0.045
Asys_floracion(SC),0.025,0.028,0.045
Asys_floracion(SC),0.025,0.028,0.048
Asys_floracion(SC),0.021,0.024,0.04
Asys_floracion(SC),0.025,0.028,0.045
Asys_floracion(SC),0.02,0.023,0.037
Asys_floracion(SC),0.02,0.023,0.037
Asys_floracion(SC),0.027,0.033,0.057
Asys_floracion(SC),0.019,0.022,0.034
Asys_floracion(SC),0.031,0.035,0.051
Asys_floracion(SC),0.025,0.028,0.044
Asys_floracion(SC),0.016,0.018,0.028
Asys_floracion(SC),0.018,0.021,0.032
Asys_floracion(SC),0.016,0.018,0.029
Asys_floracion(SC),0.016,0.019,0.035
Asys_floracion(SC),0.028,0.033,0.057
Asys_floracion(SC),0.037,0.041,0.059
Asys_floracion(SC),0.026,0.031,0.048
Asys_floracion(SC),0.028,0.034,0.056
Asys_floracion(SC),0.035,0.042,0.073
Asys_floracion(SC),0.024,0.028,0.044
Asys_floracion(SC),0.025,0.028,0.045
Asys_floracion(SC),0.025,0.029,0.047
Asys_floracion(SC),0.021,0.025,0.04
Asys_floracion(SC),0.025,0.028,0.044
Asys_floracion(SC),0.02,0.023,0.037
Asys_floracion(SC),0.02,0.023,0.037
Asys_floracion(SC),0.027,0.033,0.057
Asys_floracion(SC),0.019,0.022,0.034
Asys_floracion(SC),0.031,0.035,0.051
Asys_floracion(SC),0.025,0.029,0.044
Asys_floracion(SC),0.016,0.019,0.028
Asys_floracion(SC),0.018,0.022,0.032
Asys_floracion(SC),0.016,0.019,0.029
Asys_floracion(SC),0.016,0.02,0.035
Asys_floracion(SC),0.029,0.034,0.056
Asys_floracion(SC),0.037,0.041,0.058
Asys_floracion(SC),0.026,0.031,0.048
Asys_floracion(SC),0.028,0.034,0.056
Asys_floracion(SC),0.035,0.042,0.073
Asys_floracion(SC),0.024,0.028,0.044
Asys_floracion(SC),0.025,0.029,0.045
Asys_floracion(SC),0.025,0.029,0.047
Asys_floracion(SC),0.021,0.025,0.04
Asys_floracion(SC),0.025,0.029,0.044
Asys_floracion(SC),0.02,0.023,0.037
Asys_floracion(SC),0.02,0.024,0.037
Asys_floracion(SC),0.027,0.034,0.056
Asys_floracion(SC),0.019,0.022,0.033
Asys_floracion(SC),0.031,0.036,0.051
Asys_floracion(SC),0.025,0.029,0.044
Asys_floracion(SC),0.016,0.019,0.028
Asys_floracion(SC),0.018,0.022,0.032
Asys_floracion(SC),0.016,0.019,0.029
Asys_floracion(SC),0.016,0.02,0.035
Asys_floracion(SC),0.029,0.034,0.056
Asys_floracion(SC),0.037,0.042,0.058
Asys_floracion(SC),0.027,0.032,0.048
Asys_floracion(SC),0.029,0.035,0.056
Asys_floracion(SC),0.035,0.043,0.072
Asys_floracion(SC),0.024,0.029,0.044
Asys_floracion(SC),0.025,0.029,0.045
Asys_floracion(SC),0.025,0.03,0.047
Asys_floracion(SC),0.021,0.026,0.04
Asys_floracion(SC),0.025,0.029,0.044
Asys_floracion(SC),0.02,0.024,0.036
Asys_floracion(SC),0.02,0.024,0.037
Asys_floracion(SC),0.027,0.035,0.056
Asys_floracion(SC),0.019,0.023,0.033
Asys_floracion(SC),0.031,0.036,0.051
Asys_floracion(SC),0.025,0.03,0.044
Asys_floracion(SC),0.016,0.019,0.028
Asys_floracion(SC),0.018,0.022,0.032
Asys_floracion(SC),0.016,0.019,0.029
Asys_floracion(SC),0.016,0.021,0.035
Asys_floracion(SC),0.029,0.035,0.056
Asys_floracion(SC),0.037,0.042,0.058
Asys_floracion(SC),0.027,0.032,0.047
Asys_floracion(SC),0.029,0.036,0.055
Asys_floracion(SC),0.035,0.044,0.072
Asys_floracion(SC),0.024,0.03,0.044
Asys_floracion(SC),0.025,0.03,0.044
Asys_floracion(SC),0.025,0.031,0.047
Asys_floracion(SC),0.021,0.026,0.04
Asys_floracion(SC),0.025,0.03,0.044
Asys_floracion(SC),0.02,0.024,0.036
Asys_floracion(SC),0.02,0.025,0.036
Asys_floracion(SC),0.027,0.036,0.056
Asys_floracion(SC),0.019,0.024,0.033
Asys_floracion(SC),0.031,0.037,0.05
Asys_floracion(SC),0.025,0.03,0.044
Asys_floracion(SC),0.016,0.02,0.028
Asys_floracion(SC),0.018,0.023,0.032
Asys_floracion(SC),0.016,0.02,0.029
Asys_floracion(SC),0.016,0.021,0.034
Asys_floracion(SC),0.029,0.036,0.056
Asys_floracion(SC),0.037,0.043,0.058
Asys_floracion(SC),0.027,0.033,0.047
Asys_floracion(SC),0.029,0.037,0.055
Asys_floracion(SC),0.035,0.045,0.072
Asys_floracion(SC),0.024,0.03,0.044
Asys_floracion(SC),0.025,0.031,0.044
Asys_floracion(SC),0.025,0.031,0.047
Asys_floracion(SC),0.021,0.027,0.04
Asys_floracion(SC),0.025,0.03,0.044
Asys_floracion(SC),0.02,0.025,0.036
Asys_floracion(SC),0.02,0.025,0.036
Asys_floracion(SC),0.027,0.037,0.056
Asys_floracion(SC),0.019,0.024,0.033
Asys_floracion(SC),0.031,0.037,0.05
Asys_floracion(SC),0.025,0.031,0.044
Asys_floracion(SC),0.016,0.02,0.027
Asys_floracion(SC),0.018,0.023,0.032
Asys_floracion(SC),0.016,0.02,0.029
Asys_floracion(SC),0.016,0.022,0.034
Asys_floracion(SC),0.029,0.037,0.056
Asys_floracion(SC),0.037,0.044,0.058
Asys_floracion(SC),0.027,0.034,0.047
Asys_floracion(SC),0.029,0.038,0.055
Asys_floracion(SC),0.036,0.046,0.072
Asys_floracion(SC),0.024,0.031,0.044
Asys_floracion(SC),0.025,0.031,0.044
Asys_floracion(SC),0.025,0.032,0.046
Asys_floracion(SC),0.021,0.028,0.039
Asys_floracion(SC),0.025,0.031,0.043
Asys_floracion(SC),0.02,0.025,0.036
Asys_floracion(SC),0.02,0.026,0.036
Asys_floracion(SC),0.027,0.038,0.056
Asys_floracion(SC),0.019,0.025,0.033
Asys_floracion(SC),0.031,0.038,0.05
Asys_floracion(SC),0.025,0.032,0.044
Asys_floracion(SC),0.016,0.021,0.027
Asys_floracion(SC),0.018,0.024,0.032
Asys_floracion(SC),0.016,0.021,0.029
Asys_floracion(SC),0.016,0.023,0.034
Asys_floracion(SC),0.029,0.038,0.056
Asys_floracion(SC),0.037,0.044,0.058
Asys_floracion(SC),0.027,0.034,0.047
Asys_floracion(SC),0.029,0.039,0.055
Asys_floracion(SC),0.036,0.048,0.072
Asys_floracion(SC),0.024,0.032,0.043
Asys_floracion(SC),0.025,0.032,0.044
Asys_floracion(SC),0.025,0.033,0.046
Asys_floracion(SC),0.021,0.028,0.039
Asys_floracion(SC),0.025,0.032,0.043
Asys_floracion(SC),0.02,0.026,0.036
Asys_floracion(SC),0.02,0.026,0.036
Asys_floracion(SC),0.027,0.039,0.056
Asys_floracion(SC),0.019,0.026,0.033
Asys_floracion(SC),0.031,0.039,0.05
Asys_floracion(SC),0.025,0.033,0.043
Asys_floracion(SC),0.016,0.021,0.027
Asys_floracion(SC),0.018,0.025,0.032
Asys_floracion(SC),0.016,0.021,0.029
Asys_floracion(SC),0.016,0.023,0.034
Asys_floracion(SC),0.029,0.039,0.055
Asys_floracion(SC),0.037,0.045,0.058
Asys_floracion(SC),0.027,0.035,0.047
Asys_floracion(SC),0.029,0.04,0.055
Asys_floracion(SC),0.036,0.049,0.072
Asys_floracion(SC),0.024,0.033,0.043
Asys_floracion(SC),0.025,0.033,0.044
Asys_floracion(SC),0.025,0.034,0.046
Asys_floracion(SC),0.021,0.029,0.039
Asys_floracion(SC),0.025,0.033,0.043
Asys_floracion(SC),0.02,0.027,0.036
Asys_floracion(SC),0.02,0.027,0.036
Asys_floracion(SC),0.027,0.041,0.055
Asys_floracion(SC),0.019,0.026,0.033
Asys_floracion(SC),0.031,0.04,0.05
Asys_floracion(SC),0.025,0.034,0.043
Asys_floracion(SC),0.016,0.022,0.027
Asys_floracion(SC),0.018,0.025,0.032
Asys_floracion(SC),0.016,0.022,0.029
Asys_floracion(SC),0.016,0.024,0.034
Asys_floracion(SC),0.029,0.04,0.055
Asys_floracion(SC),0.037,0.046,0.057
Asys_floracion(SC),0.027,0.036,0.047
Asys_floracion(SC),0.029,0.041,0.055
Asys_floracion(SC),0.036,0.051,0.071
Asys_floracion(SC),0.024,0.034,0.043
Asys_floracion(SC),0.025,0.034,0.044
Asys_floracion(SC),0.025,0.035,0.046
Asys_floracion(SC),0.021,0.03,0.039
Asys_floracion(SC),0.025,0.034,0.043
Asys_floracion(SC),0.02,0.028,0.036
Asys_floracion(SC),0.02,0.028,0.036
Asys_floracion(SC),0.027,0.042,0.055
Asys_floracion(SC),0.019,0.027,0.033
Asys_floracion(SC),0.031,0.041,0.05
Asys_floracion(SC),0.025,0.035,0.043
Asys_floracion(SC),0.016,0.023,0.027
Asys_floracion(SC),0.018,0.026,0.031
Asys_floracion(SC),0.016,0.023,0.028
Asys_floracion(SC),0.016,0.025,0.034
Asys_floracion(SC),0.029,0.042,0.055
Asys_floracion(SC),0.037,0.048,0.057
Asys_floracion(SC),0.027,0.037,0.047
Asys_floracion(SC),0.029,0.043,0.055
Asys_floracion(SC),0.036,0.053,0.071
Asys_floracion(SC),0.024,0.035,0.043
Asys_floracion(SC),0.025,0.035,0.044
Asys_floracion(SC),0.025,0.036,0.046
Asys_floracion(SC),0.021,0.031,0.039
Asys_floracion(SC),0.025,0.035,0.043
Asys_floracion(SC),0.02,0.028,0.036
Asys_floracion(SC),0.02,0.029,0.036
Asys_floracion(SC),0.028,0.044,0.055
Asys_floracion(SC),0.019,0.028,0.032
Asys_floracion(SC),0.031,0.043,0.05
Asys_floracion(SC),0.025,0.036,0.043
Asys_floracion(SC),0.016,0.023,0.027
Asys_floracion(SC),0.018,0.027,0.031
Asys_floracion(SC),0.016,0.024,0.028
Asys_floracion(SC),0.016,0.027,0.034
Asys_floracion(SC),0.029,0.043,0.054
Asys_floracion(SC),0.037,0.049,0.057
Asys_floracion(SC),0.027,0.039,0.046
Asys_floracion(SC),0.029,0.044,0.054
Asys_floracion(SC),0.036,0.054,0.07
Asys_floracion(SC),0.024,0.036,0.043
Asys_floracion(SC),0.025,0.036,0.043
Asys_floracion(SC),0.025,0.037,0.046
Asys_floracion(SC),0.021,0.032,0.039
Asys_floracion(SC),0.025,0.036,0.043
Asys_floracion(SC),0.02,0.03,0.035
Asys_floracion(SC),0.02,0.03,0.036
Asys_floracion(SC),0.028,0.046,0.054
Asys_floracion(SC),0.019,0.029,0.032
Asys_floracion(SC),0.031,0.044,0.049
Asys_floracion(SC),0.025,0.037,0.043
Asys_floracion(SC),0.016,0.024,0.027
Asys_floracion(SC),0.018,0.028,0.031
Asys_floracion(SC),0.016,0.025,0.028
Asys_floracion(SC),0.016,0.028,0.033
Asys_floracion(SC),0.029,0.045,0.054
Asys_floracion(SC),0.037,0.05,0.057
Asys_floracion(SC),0.027,0.04,0.046
Asys_floracion(SC),0.029,0.046,0.054
Asys_floracion(SC),0.036,0.057,0.07
Asys_floracion(SC),0.024,0.038,0.042
Asys_floracion(SC),0.025,0.038,0.043
Asys_floracion(SC),0.025,0.039,0.045
Asys_floracion(SC),0.021,0.034,0.038
Asys_floracion(SC),0.025,0.038,0.042
Asys_floracion(SC),0.02,0.031,0.035
Asys_floracion(SC),0.02,0.031,0.035
Asys_floracion(SC),0.028,0.048,0.054
Asys_floracion(SC),0.019,0.031,0.032
Asys_floracion(SC),0.031,0.045,0.049
Asys_floracion(SC),0.025,0.038,0.042
Asys_floracion(SC),0.016,0.025,0.027
Asys_floracion(SC),0.018,0.029,0.031
Asys_floracion(SC),0.016,0.026,0.028
Asys_floracion(SC),0.016,0.029,0.033
Asys_floracion(SC),0.029,0.046,0.053
Asys_floracion(SC),0.037,0.052,0.056
Asys_floracion(SC),0.027,0.041,0.045
Asys_floracion(SC),0.029,0.048,0.053
Asys_floracion(SC),0.036,0.059,0.069
Asys_floracion(SC),0.024,0.039,0.042
Asys_floracion(SC),0.025,0.039,0.042
Asys_floracion(SC),0.025,0.04,0.045
Asys_floracion(SC),0.021,0.035,0.038
Asys_floracion(SC),0.025,0.039,0.042
Asys_floracion(SC),0.02,0.032,0.035
Asys_floracion(SC),0.02,0.033,0.035
Asys_floracion(SC),0.028,0.05,0.053
Asys_floracion(SC),0.019,0.032,0.031
Asys_floracion(SC),0.031,0.047,0.048
Asys_floracion(SC),0.025,0.04,0.042
Asys_floracion(SC),0.016,0.026,0.026
Asys_floracion(SC),0.018,0.03,0.03
Asys_floracion(SC),0.016,0.027,0.027
Asys_floracion(SC),0.016,0.031,0.032
Asys_floracion(SC),0.029,0.048,0.053
Asys_floracion(SC),0.037,0.053,0.055
Asys_floracion(SC),0.027,0.043,0.045
Asys_floracion(SC),0.029,0.05,0.052
Asys_floracion(SC),0.036,0.061,0.068
Asys_floracion(SC),0.024,0.041,0.041
Asys_floracion(SC),0.025,0.041,0.042
Asys_floracion(SC),0.025,0.042,0.044
Asys_floracion(SC),0.021,0.037,0.037
Asys_floracion(SC),0.025,0.041,0.041
Asys_floracion(SC),0.02,0.033,0.034
Asys_floracion(SC),0.02,0.034,0.035
Asys_floracion(SC),0.028,0.052,0.052
Asys_floracion(SC),0.019,0.033,0.031
Asys_floracion(SC),0.031,0.049,0.048
Asys_floracion(SC),0.025,0.041,0.041
Asys_floracion(SC),0.016,0.027,0.026
Asys_floracion(SC),0.018,0.032,0.03
Asys_floracion(SC),0.016,0.028,0.027
Asys_floracion(SC),0.016,0.032,0.032
Asys_floracion(SC),0.029,0.05,0.052
Asys_floracion(SC),0.037,0.055,0.055
Asys_floracion(SC),0.027,0.044,0.044
Asys_floracion(SC),0.029,0.052,0.052
Asys_floracion(SC),0.036,0.064,0.067
Asys_floracion(SC),0.024,0.043,0.041
Asys_floracion(SC),0.025,0.043,0.041
Asys_floracion(SC),0.025,0.044,0.043
Asys_floracion(SC),0.021,0.038,0.037
Asys_floracion(SC),0.025,0.042,0.041
Asys_floracion(SC),0.02,0.035,0.034
Asys_floracion(SC),0.02,0.036,0.034
Asys_floracion(SC),0.028,0.055,0.051
Asys_floracion(SC),0.019,0.035,0.03
Asys_floracion(SC),0.031,0.051,0.047
Asys_floracion(SC),0.025,0.043,0.041
Asys_floracion(SC),0.016,0.029,0.026
Asys_floracion(SC),0.018,0.033,0.029
Asys_floracion(SC),0.016,0.029,0.026
Asys_floracion(SC),0.016,0.034,0.031
Asys_floracion(SC),0.029,0.053,0.051
Asys_floracion(SC),0.037,0.057,0.054
Asys_floracion(SC),0.027,0.046,0.044
Asys_floracion(SC),0.029,0.054,0.051
Asys_floracion(SC),0.036,0.067,0.066
Asys_floracion(SC),0.024,0.045,0.04
Asys_floracion(SC),0.025,0.045,0.04
Asys_floracion(SC),0.025,0.046,0.043
Asys_floracion(SC),0.022,0.04,0.036
Asys_floracion(SC),0.025,0.044,0.04
Asys_floracion(SC),0.02,0.036,0.033
Asys_floracion(SC),0.02,0.037,0.034
Asys_floracion(SC),0.028,0.058,0.05
Asys_floracion(SC),0.019,0.037,0.03
Asys_floracion(SC),0.031,0.053,0.046
Asys_floracion(SC),0.025,0.045,0.04
Asys_floracion(SC),0.016,0.03,0.025
Asys_floracion(SC),0.018,0.034,0.029
Asys_floracion(SC),0.016,0.03,0.026
Asys_floracion(SC),0.016,0.036,0.03
Asys_floracion(SC),0.029,0.055,0.05
Asys_floracion(SC),0.037,0.059,0.053
Asys_floracion(SC),0.027,0.048,0.043
Asys_floracion(SC),0.029,0.057,0.05
Asys_floracion(SC),0.036,0.07,0.064
Asys_floracion(SC),0.024,0.047,0.039
Asys_floracion(SC),0.025,0.047,0.04
Asys_floracion(SC),0.025,0.048,0.042
Asys_floracion(SC),0.022,0.042,0.036
Asys_floracion(SC),0.025,0.046,0.039
Asys_floracion(SC),0.02,0.038,0.032
Asys_floracion(SC),0.02,0.039,0.033
Asys_floracion(SC),0.028,0.06,0.049
Asys_floracion(SC),0.019,0.038,0.029
Asys_floracion(SC),0.031,0.055,0.046
Asys_floracion(SC),0.025,0.047,0.039
Asys_floracion(SC),0.016,0.031,0.025
Asys_floracion(SC),0.018,0.036,0.028
Asys_floracion(SC),0.016,0.032,0.025
Asys_floracion(SC),0.016,0.038,0.029
Asys_floracion(SC),0.029,0.058,0.049
Asys_floracion(SC),0.037,0.061,0.052
Asys_floracion(SC),0.027,0.05,0.042
Asys_floracion(SC),0.029,0.059,0.049
Asys_floracion(SC),0.036,0.073,0.063
Asys_floracion(SC),0.024,0.049,0.039
Asys_floracion(SC),0.025,0.049,0.039
Asys_floracion(SC),0.025,0.05,0.041
Asys_floracion(SC),0.022,0.044,0.035
Asys_floracion(SC),0.025,0.048,0.039
Asys_floracion(SC),0.02,0.04,0.032
Asys_floracion(SC),0.02,0.041,0.032
Asys_floracion(SC),0.028,0.063,0.048
Asys_floracion(SC),0.019,0.04,0.029
Asys_floracion(SC),0.031,0.057,0.045
Asys_floracion(SC),0.025,0.049,0.039
Asys_floracion(SC),0.016,0.033,0.024
Asys_floracion(SC),0.018,0.037,0.028
Asys_floracion(SC),0.016,0.033,0.025
Asys_floracion(SC),0.016,0.04,0.029
Asys_floracion(SC),0.029,0.061,0.048
Asys_floracion(SC),0.037,0.064,0.052
Asys_floracion(SC),0.027,0.053,0.041
Asys_floracion(SC),0.029,0.062,0.048
Asys_floracion(SC),0.036,0.077,0.061
Asys_floracion(SC),0.024,0.052,0.038
Asys_floracion(SC),0.025,0.051,0.038
Asys_floracion(SC),0.025,0.052,0.04
Asys_floracion(SC),0.022,0.046,0.034
Asys_floracion(SC),0.025,0.051,0.038
Asys_floracion(SC),0.02,0.042,0.031
Asys_floracion(SC),0.02,0.043,0.032
Asys_floracion(SC),0.028,0.067,0.047
Asys_floracion(SC),0.019,0.043,0.028
Asys_floracion(SC),0.031,0.06,0.044
Asys_floracion(SC),0.025,0.051,0.038
Asys_floracion(SC),0.016,0.034,0.024
Asys_floracion(SC),0.018,0.039,0.027
Asys_floracion(SC),0.016,0.035,0.024
Asys_floracion(SC),0.016,0.042,0.028
Asys_floracion(SC),0.029,0.064,0.047
Asys_floracion(SC),0.037,0.066,0.051
Asys_floracion(SC),0.027,0.055,0.04
Asys_floracion(SC),0.029,0.065,0.047
Asys_floracion(SC),0.036,0.081,0.06
Asys_floracion(SC),0.024,0.054,0.037
Asys_floracion(SC),0.025,0.054,0.037
Asys_floracion(SC),0.025,0.055,0.039
Asys_floracion(SC),0.022,0.048,0.033
Asys_floracion(SC),0.025,0.053,0.037
Asys_floracion(SC),0.02,0.044,0.03
Asys_floracion(SC),0.02,0.045,0.031
Asys_floracion(SC),0.028,0.07,0.046
Asys_floracion(SC),0.019,0.045,0.027
Asys_floracion(SC),0.031,0.062,0.043
Asys_floracion(SC),0.025,0.053,0.037
Asys_floracion(SC),0.016,0.036,0.023
Asys_floracion(SC),0.018,0.041,0.027
Asys_floracion(SC),0.016,0.037,0.024
Asys_floracion(SC),0.016,0.045,0.027
Asys_floracion(SC),0.029,0.067,0.046
Asys_floracion(SC),0.037,0.069,0.05
Asys_floracion(SC),0.027,0.057,0.04
Asys_floracion(SC),0.029,0.068,0.046
Asys_floracion(SC),0.036,0.085,0.059
Asys_floracion(SC),0.024,0.057,0.036
Asys_floracion(SC),0.025,0.057,0.036
Asys_floracion(SC),0.025,0.058,0.038
Asys_floracion(SC),0.022,0.051,0.033
Asys_floracion(SC),0.025,0.056,0.036
Asys_floracion(SC),0.02,0.046,0.03
Asys_floracion(SC),0.02,0.047,0.03
Asys_floracion(SC),0.028,0.073,0.045
Asys_floracion(SC),0.019,0.047,0.027
Asys_floracion(SC),0.031,0.065,0.042
Asys_floracion(SC),0.025,0.055,0.037
Asys_floracion(SC),0.016,0.037,0.023
Asys_floracion(SC),0.018,0.043,0.026
Asys_floracion(SC),0.016,0.038,0.023
Asys_floracion(SC),0.016,0.047,0.026
Asys_floracion(SC),0.029,0.07,0.045
Asys_floracion(SC),0.037,0.072,0.049
Asys_floracion(SC),0.027,0.06,0.039
Asys_floracion(SC),0.029,0.071,0.045
Asys_floracion(SC),0.036,0.089,0.057
Asys_floracion(SC),0.024,0.059,0.036
Asys_floracion(SC),0.025,0.059,0.035
Asys_floracion(SC),0.025,0.06,0.037
Asys_floracion(SC),0.022,0.053,0.032
Asys_floracion(SC),0.025,0.058,0.035
Asys_floracion(SC),0.02,0.048,0.029
Asys_floracion(SC),0.021,0.05,0.03
Asys_floracion(SC),0.028,0.077,0.044
Asys_floracion(SC),0.019,0.049,0.026
Asys_floracion(SC),0.031,0.068,0.041
Asys_floracion(SC),0.025,0.058,0.036
Asys_floracion(SC),0.016,0.039,0.022
Asys_floracion(SC),0.018,0.045,0.025
Asys_floracion(SC),0.016,0.04,0.023
Asys_floracion(SC),0.016,0.049,0.025
Asys_floracion(SC),0.029,0.073,0.043
Asys_floracion(SC),0.037,0.074,0.048
Asys_floracion(SC),0.027,0.062,0.038
Asys_floracion(SC),0.029,0.074,0.044
Asys_floracion(SC),0.036,0.093,0.056
Asys_floracion(SC),0.024,0.062,0.035
Asys_floracion(SC),0.025,0.062,0.035
Asys_floracion(SC),0.026,0.063,0.036
Asys_floracion(SC),0.022,0.055,0.031
Asys_floracion(SC),0.025,0.061,0.034
Asys_floracion(SC),0.02,0.05,0.028
Asys_floracion(SC),0.021,0.052,0.029
Asys_floracion(SC),0.028,0.08,0.043
Asys_floracion(SC),0.019,0.051,0.026
Asys_floracion(SC),0.031,0.07,0.04
Asys_floracion(SC),0.025,0.06,0.035
Asys_floracion(SC),0.016,0.04,0.022
Asys_floracion(SC),0.019,0.046,0.025
Asys_floracion(SC),0.016,0.042,0.022
Asys_floracion(SC),0.016,0.052,0.025
Asys_floracion(SC),0.029,0.076,0.042
Asys_floracion(SC),0.037,0.077,0.047
Asys_floracion(SC),0.027,0.065,0.038
Asys_floracion(SC),0.029,0.078,0.043
Asys_floracion(SC),0.036,0.097,0.055
Asys_floracion(SC),0.024,0.065,0.034
Asys_floracion(SC),0.025,0.065,0.034
Asys_floracion(SC),0.026,0.066,0.036
Asys_floracion(SC),0.022,0.058,0.03
Asys_floracion(SC),0.025,0.063,0.034
Asys_floracion(SC),0.02,0.052,0.028
Asys_floracion(SC),0.021,0.054,0.028
Asys_floracion(SC),0.028,0.084,0.042
Asys_floracion(SC),0.019,0.053,0.025
Asys_floracion(SC),0.031,0.073,0.04
Asys_floracion(SC),0.025,0.062,0.034
Asys_floracion(SC),0.016,0.042,0.021
Asys_floracion(SC),0.019,0.048,0.024
Asys_floracion(SC),0.016,0.044,0.022
Asys_floracion(SC),0.016,0.054,0.024
Asys_floracion(SC),0.029,0.079,0.042
Asys_floracion(SC),0.037,0.08,0.047
Asys_floracion(SC),0.027,0.067,0.037
Asys_floracion(SC),0.029,0.081,0.042
Asys_floracion(SC),0.036,0.101,0.053
Asys_floracion(SC),0.025,0.067,0.033
Asys_floracion(SC),0.025,0.067,0.033
Asys_floracion(SC),0.026,0.069,0.035
Asys_floracion(SC),0.022,0.06,0.03
Asys_floracion(SC),0.025,0.066,0.033
Asys_floracion(SC),0.02,0.054,0.027
Asys_floracion(SC),0.021,0.056,0.028
Asys_floracion(SC),0.028,0.087,0.041
Asys_floracion(SC),0.019,0.056,0.025
Asys_floracion(SC),0.031,0.076,0.039
Asys_floracion(SC),0.025,0.064,0.034
Asys_floracion(SC),0.016,0.043,0.021
Asys_floracion(SC),0.019,0.05,0.024
Asys_floracion(SC),0.016,0.045,0.021
Asys_floracion(SC),0.016,0.057,0.024
Asys_floracion(SC),0.029,0.082,0.041
Asys_floracion(SC),0.037,0.083,0.046
Asys_floracion(SC),0.027,0.07,0.037
Asys_floracion(SC),0.029,0.084,0.042
Asys_floracion(SC),0.036,0.105,0.052
Asys_floracion(SC),0.025,0.07,0.033
Asys_floracion(SC),0.025,0.07,0.033
Asys_floracion(SC),0.026,0.071,0.034
Asys_floracion(SC),0.022,0.063,0.029
Asys_floracion(SC),0.025,0.069,0.032
Asys_floracion(SC),0.02,0.056,0.027
Asys_floracion(SC),0.021,0.059,0.027
Asys_floracion(SC),0.028,0.09,0.04
Asys_floracion(SC),0.019,0.058,0.024
Asys_floracion(SC),0.031,0.078,0.039
Asys_floracion(SC),0.025,0.067,0.033
Asys_floracion(SC),0.016,0.045,0.021
Asys_floracion(SC),0.019,0.052,0.024
Asys_floracion(SC),0.016,0.047,0.021
Asys_floracion(SC),0.016,0.059,0.023
Asys_floracion(SC),0.029,0.086,0.04
Asys_floracion(SC),0.037,0.085,0.046
Asys_floracion(SC),0.027,0.072,0.036
Asys_floracion(SC),0.03,0.087,0.041
Asys_floracion(SC),0.037,0.109,0.052
Asys_floracion(SC),0.025,0.073,0.032
Asys_floracion(SC),0.025,0.073,0.032
Asys_floracion(SC),0.026,0.074,0.034
Asys_floracion(SC),0.022,0.065,0.029
Asys_floracion(SC),0.025,0.071,0.032
Asys_floracion(SC),0.02,0.059,0.026
Asys_floracion(SC),0.021,0.061,0.027
Asys_floracion(SC),0.028,0.094,0.04
Asys_floracion(SC),0.019,0.06,0.024
Asys_floracion(SC),0.032,0.081,0.038
Asys_floracion(SC),0.025,0.069,0.033
Asys_floracion(SC),0.016,0.046,0.02
Asys_floracion(SC),0.019,0.053,0.023
Asys_floracion(SC),0.016,0.049,0.021
Asys_floracion(SC),0.016,0.062,0.023
Asys_floracion(SC),0.029,0.089,0.04
Asys_floracion(SC),0.037,0.088,0.045
Asys_floracion(SC),0.027,0.075,0.036
Asys_floracion(SC),0.03,0.09,0.041
Asys_floracion(SC),0.037,0.113,0.051
Asys_floracion(SC),0.025,0.076,0.032
Asys_floracion(SC),0.025,0.075,0.032
Asys_floracion(SC),0.026,0.077,0.033
Asys_floracion(SC),0.022,0.067,0.029
Asys_floracion(SC),0.025,0.074,0.032
Asys_floracion(SC),0.02,0.061,0.026
Asys_floracion(SC),0.021,0.063,0.027
Asys_floracion(SC),0.028,0.097,0.039
Asys_floracion(SC),0.019,0.062,0.024
Asys_floracion(SC),0.032,0.083,0.038
Asys_floracion(SC),0.025,0.071,0.033
Asys_floracion(SC),0.016,0.048,0.02
Asys_floracion(SC),0.019,0.055,0.023
Asys_floracion(SC),0.016,0.05,0.021
Asys_floracion(SC),0.016,0.064,0.023
Asys_floracion(SC),0.03,0.092,0.039
Asys_floracion(SC),0.037,0.091,0.045
Asys_floracion(SC),0.027,0.077,0.035
Asys_floracion(SC),0.03,0.093,0.04
Asys_floracion(SC),0.037,0.117,0.05
Asys_floracion(SC),0.025,0.078,0.032
Asys_floracion(SC),0.025,0.078,0.032
Asys_floracion(SC),0.026,0.079,0.033
Asys_floracion(SC),0.022,0.07,0.028
Asys_floracion(SC),0.025,0.076,0.031
Asys_floracion(SC),0.02,0.063,0.026
Asys_floracion(SC),0.021,0.066,0.026
Asys_floracion(SC),0.028,0.1,0.039
Asys_floracion(SC),0.019,0.064,0.024
Asys_floracion(SC),0.032,0.086,0.038
Asys_floracion(SC),0.025,0.073,0.032
Asys_floracion(SC),0.016,0.049,0.02
Asys_floracion(SC),0.019,0.057,0.023
Asys_floracion(SC),0.016,0.052,0.02
Asys_floracion(SC),0.016,0.066,0.022
Asys_floracion(SC),0.03,0.095,0.039
Asys_floracion(SC),0.038,0.094,0.044
Asys_floracion(SC),0.028,0.08,0.035
Asys_floracion(SC),0.03,0.096,0.04
Asys_floracion(SC),0.037,0.121,0.05
Asys_floracion(SC),0.025,0.081,0.031
Asys_floracion(SC),0.025,0.081,0.031
Asys_floracion(SC),0.026,0.082,0.033
Asys_floracion(SC),0.022,0.072,0.028
Asys_floracion(SC),0.025,0.079,0.031
Asys_floracion(SC),0.021,0.065,0.025
Asys_floracion(SC),0.021,0.068,0.026
Asys_floracion(SC),0.028,0.103,0.038
Asys_floracion(SC),0.019,0.066,0.023
Asys_floracion(SC),0.032,0.088,0.037
Asys_floracion(SC),0.025,0.075,0.032
Asys_floracion(SC),0.016,0.051,0.02
Asys_floracion(SC),0.019,0.058,0.023
Asys_floracion(SC),0.016,0.054,0.02
Asys_floracion(SC),0.016,0.068,0.022
Asys_floracion(SC),0.03,0.098,0.038
Asys_floracion(SC),0.038,0.096,0.044
Asys_floracion(SC),0.028,0.082,0.035
Asys_floracion(SC),0.03,0.099,0.039
Asys_floracion(SC),0.037,0.125,0.049
Asys_floracion(SC),0.025,0.083,0.031
Asys_floracion(SC),0.026,0.083,0.031
Asys_floracion(SC),0.026,0.084,0.032
Asys_floracion(SC),0.022,0.074,0.028
Asys_floracion(SC),0.025,0.081,0.031
Asys_floracion(SC),0.021,0.067,0.025
Asys_floracion(SC),0.021,0.07,0.026
Asys_floracion(SC),0.029,0.106,0.038
Asys_floracion(SC),0.019,0.068,0.023
Asys_floracion(SC),0.032,0.09,0.037
Asys_floracion(SC),0.026,0.077,0.032
Asys_floracion(SC),0.016,0.052,0.02
Asys_floracion(SC),0.019,0.06,0.022
Asys_floracion(SC),0.016,0.055,0.02
Asys_floracion(SC),0.016,0.07,0.022
Asys_floracion(SC),0.03,0.1,0.038
Asys_floracion(SC),0.038,0.098,0.044
Asys_floracion(SC),0.028,0.084,0.034
Asys_floracion(SC),0.03,0.101,0.039
Asys_floracion(SC),0.037,0.128,0.049
Asys_floracion(SC),0.025,0.085,0.031
Asys_floracion(SC),0.026,0.085,0.031
Asys_floracion(SC),0.026,0.087,0.032
Asys_floracion(SC),0.022,0.076,0.027
Asys_floracion(SC),0.025,0.083,0.03
Asys_floracion(SC),0.021,0.068,0.025
Asys_floracion(SC),0.021,0.071,0.026
Asys_floracion(SC),0.029,0.108,0.037
Asys_floracion(SC),0.019,0.069,0.023
Asys_floracion(SC),0.032,0.092,0.037
Asys_floracion(SC),0.026,0.079,0.031
Asys_floracion(SC),0.016,0.053,0.02
Asys_floracion(SC),0.019,0.061,0.022
Asys_floracion(SC),0.016,0.056,0.02
Asys_floracion(SC),0.017,0.072,0.022
Asys_floracion(SC),0.03,0.103,0.038
Asys_floracion(SC),0.038,0.1,0.043
Asys_floracion(SC),0.028,0.086,0.034
Asys_floracion(SC),0.03,0.103,0.039
Asys_floracion(SC),0.037,0.131,0.048
Asys_floracion(SC),0.025,0.087,0.03
Asys_floracion(SC),0.026,0.087,0.03
Asys_floracion(SC),0.026,0.089,0.032
Asys_floracion(SC),0.022,0.077,0.027
Asys_floracion(SC),0.025,0.085,0.03
Asys_floracion(SC),0.021,0.07,0.025
Asys_floracion(SC),0.021,0.073,0.026
Asys_floracion(SC),0.029,0.11,0.037
Asys_floracion(SC),0.019,0.071,0.022
Asys_floracion(SC),0.032,0.094,0.036
Asys_floracion(SC),0.026,0.08,0.031
Asys_floracion(SC),0.016,0.054,0.019
Asys_floracion(SC),0.019,0.062,0.022
Asys_floracion(SC),0.016,0.057,0.019
Asys_floracion(SC),0.017,0.074,0.021
Asys_floracion(SC),0.03,0.105,0.037
Asys_floracion(SC),0.038,0.102,0.043
Asys_floracion(SC),0.028,0.088,0.034
Asys_floracion(SC),0.03,0.106,0.038
Asys_floracion(SC),0.037,0.134,0.047
Asys_floracion(SC),0.025,0.089,0.03
Asys_floracion(SC),0.026,0.089,0.03
Asys_floracion(SC),0.026,0.091,0.031
Asys_floracion(SC),0.022,0.079,0.027
Asys_floracion(SC),0.026,0.087,0.03
Asys_floracion(SC),0.021,0.072,0.024
Asys_floracion(SC),0.021,0.075,0.025
Asys_floracion(SC),0.029,0.113,0.036
Asys_floracion(SC),0.02,0.072,0.022
Asys_floracion(SC),0.032,0.096,0.036
Asys_floracion(SC),0.026,0.082,0.03
Asys_floracion(SC),0.016,0.055,0.019
Asys_floracion(SC),0.019,0.063,0.022
Asys_floracion(SC),0.017,0.059,0.019
Asys_floracion(SC),0.017,0.076,0.021
Asys_floracion(SC),0.03,0.107,0.036
Asys_floracion(SC),0.038,0.104,0.042
Asys_floracion(SC),0.028,0.089,0.033
Asys_floracion(SC),0.03,0.108,0.037
Asys_floracion(SC),0.037,0.137,0.046
Asys_floracion(SC),0.025,0.091,0.029
Asys_floracion(SC),0.026,0.091,0.03
Asys_floracion(SC),0.026,0.093,0.031
Asys_floracion(SC),0.022,0.081,0.026
Asys_floracion(SC),0.026,0.089,0.029
Asys_floracion(SC),0.021,0.073,0.024
Asys_floracion(SC),0.021,0.077,0.025
Asys_floracion(SC),0.029,0.115,0.035
Asys_floracion(SC),0.02,0.074,0.022
Asys_floracion(SC),0.032,0.098,0.035
Asys_floracion(SC),0.026,0.083,0.03
Asys_floracion(SC),0.017,0.056,0.019
Asys_floracion(SC),0.019,0.064,0.021
Asys_floracion(SC),0.017,0.06,0.019
Asys_floracion(SC),0.017,0.077,0.02
Asys_floracion(SC),0.03,0.109,0.036
Asys_floracion(SC),0.038,0.106,0.042
Asys_floracion(SC),0.028,0.091,0.032
Asys_floracion(SC),0.03,0.11,0.036
Asys_floracion(SC),0.038,0.14,0.046
Asys_floracion(SC),0.025,0.093,0.029
Asys_floracion(SC),0.026,0.093,0.029
Asys_floracion(SC),0.026,0.094,0.03
Asys_floracion(SC),0.022,0.082,0.026
Asys_floracion(SC),0.026,0.09,0.029
Asys_floracion(SC),0.021,0.074,0.023
Asys_floracion(SC),0.021,0.078,0.024
Asys_floracion(SC),0.029,0.116,0.034
Asys_floracion(SC),0.02,0.075,0.021
Asys_floracion(SC),0.032,0.099,0.035
Asys_floracion(SC),0.026,0.085,0.029
Asys_floracion(SC),0.017,0.057,0.018
Asys_floracion(SC),0.019,0.065,0.021
Asys_floracion(SC),0.017,0.061,0.018
Asys_floracion(SC),0.017,0.079,0.02
Asys_floracion(SC),0.03,0.111,0.035
Asys_floracion(SC),0.038,0.108,0.041
Asys_floracion(SC),0.028,0.092,0.032
Asys_floracion(SC),0.031,0.111,0.036
Asys_floracion(SC),0.038,0.142,0.045
Asys_floracion(SC),0.025,0.094,0.028
Asys_floracion(SC),0.026,0.094,0.029
Asys_floracion(SC),0.026,0.096,0.03
Asys_floracion(SC),0.023,0.083,0.025
Asys_floracion(SC),0.026,0.092,0.028
Asys_floracion(SC),0.021,0.076,0.023
Asys_floracion(SC),0.021,0.079,0.024
Asys_floracion(SC),0.029,0.118,0.033
Asys_floracion(SC),0.02,0.076,0.021
Asys_floracion(SC),0.032,0.101,0.034
Asys_floracion(SC),0.026,0.086,0.029
Asys_floracion(SC),0.017,0.057,0.018
Asys_floracion(SC),0.019,0.066,0.021
Asys_floracion(SC),0.017,0.062,0.018
Asys_floracion(SC),0.017,0.08,0.019
Asys_floracion(SC),0.031,0.113,0.034
Asys_floracion(SC),0.038,0.109,0.04
Asys_floracion(SC),0.028,0.093,0.031
Asys_floracion(SC),0.031,0.113,0.035
Asys_floracion(SC),0.038,0.144,0.044
Asys_floracion(SC),0.026,0.096,0.028
Asys_floracion(SC),0.026,0.095,0.028
Asys_floracion(SC),0.027,0.097,0.029
Asys_floracion(SC),0.023,0.085,0.025
Asys_floracion(SC),0.026,0.093,0.028
Asys_floracion(SC),0.021,0.077,0.023
Asys_floracion(SC),0.021,0.08,0.023
Asys_floracion(SC),0.03,0.12,0.033
Asys_floracion(SC),0.02,0.077,0.02
Asys_floracion(SC),0.033,0.102,0.033
Asys_floracion(SC),0.026,0.087,0.028
Asys_floracion(SC),0.017,0.058,0.018
Asys_floracion(SC),0.02,0.067,0.02
Asys_floracion(SC),0.017,0.062,0.018
Asys_floracion(SC),0.017,0.081,0.019
Asys_floracion(SC),0.031,0.114,0.033
Asys_floracion(SC),0.038,0.11,0.04
Asys_floracion(SC),0.028,0.095,0.031
Asys_floracion(SC),0.031,0.114,0.034
Asys_floracion(SC),0.038,0.146,0.043
Asys_floracion(SC),0.026,0.097,0.027
Asys_floracion(SC),0.026,0.097,0.028
Asys_floracion(SC),0.027,0.098,0.028
Asys_floracion(SC),0.023,0.086,0.024
Asys_floracion(SC),0.026,0.094,0.027
Asys_floracion(SC),0.021,0.078,0.022
Asys_floracion(SC),0.022,0.081,0.023
Asys_floracion(SC),0.03,0.121,0.032
Asys_floracion(SC),0.02,0.078,0.02
Asys_floracion(SC),0.033,0.103,0.033
Asys_floracion(SC),0.027,0.088,0.028
Asys_floracion(SC),0.017,0.059,0.017
Asys_floracion(SC),0.02,0.068,0.02
Asys_floracion(SC),0.017,0.063,0.017
Asys_floracion(SC),0.017,0.082,0.018
Asys_floracion(SC),0.031,0.116,0.033
Asys_floracion(SC),0.039,0.112,0.039
Asys_floracion(SC),0.029,0.096,0.03
Asys_floracion(SC),0.031,0.116,0.034
Asys_floracion(SC),0.039,0.148,0.042
Asys_floracion(SC),0.026,0.098,0.027
Asys_floracion(SC),0.027,0.098,0.027
Asys_floracion(SC),0.027,0.1,0.028
Asys_floracion(SC),0.023,0.086,0.024
Asys_floracion(SC),0.026,0.095,0.027
Asys_floracion(SC),0.021,0.078,0.022
Asys_floracion(SC),0.022,0.082,0.023
Asys_floracion(SC),0.03,0.122,0.031
Asys_floracion(SC),0.02,0.078,0.02
Asys_floracion(SC),0.033,0.104,0.032
Asys_floracion(SC),0.027,0.089,0.027
Asys_floracion(SC),0.017,0.059,0.017
Asys_floracion(SC),0.02,0.068,0.02
Asys_floracion(SC),0.017,0.064,0.017
Asys_floracion(SC),0.018,0.083,0.018
Asys_floracion(SC),0.031,0.117,0.032
Asys_floracion(SC),0.039,0.113,0.039
Asys_floracion(SC),0.029,0.097,0.03
Asys_floracion(SC),0.032,0.117,0.033
Asys_floracion(SC),0.039,0.15,0.041
Asys_floracion(SC),0.026,0.099,0.026
Asys_floracion(SC),0.027,0.099,0.027
Asys_floracion(SC),0.027,0.101,0.027
Asys_floracion(SC),0.023,0.087,0.024
Asys_floracion(SC),0.027,0.096,0.026
Asys_floracion(SC),0.022,0.079,0.021
Asys_floracion(SC),0.022,0.083,0.022
Asys_floracion(SC),0.031,0.123,0.03
Asys_floracion(SC),0.021,0.079,0.019
Asys_floracion(SC),0.033,0.105,0.032
Asys_floracion(SC),0.027,0.089,0.027
Asys_floracion(SC),0.017,0.06,0.017
Asys_floracion(SC),0.02,0.069,0.019
Asys_floracion(SC),0.017,0.064,0.017
Asys_floracion(SC),0.018,0.084,0.018
Asys_floracion(SC),0.032,0.118,0.032
Asys_floracion(SC),0.039,0.114,0.038
Asys_floracion(SC),0.029,0.097,0.029
Asys_floracion(SC),0.032,0.118,0.032
Asys_floracion(SC),0.039,0.151,0.04
Asys_floracion(SC),0.026,0.1,0.026
Asys_floracion(SC),0.027,0.1,0.027
Asys_floracion(SC),0.027,0.102,0.027
Asys_floracion(SC),0.023,0.088,0.023
Asys_floracion(SC),0.027,0.097,0.026
Asys_floracion(SC),0.022,0.08,0.021
Asys_floracion(SC),0.022,0.084,0.022
Asys_floracion(SC),0.031,0.124,0.03
Asys_floracion(SC),0.021,0.08,0.019
Asys_floracion(SC),0.033,0.106,0.032
Asys_floracion(SC),0.027,0.09,0.026
Asys_floracion(SC),0.017,0.06,0.017
Asys_floracion(SC),0.02,0.069,0.019
Asys_floracion(SC),0.018,0.065,0.017
Asys_floracion(SC),0.018,0.084,0.017
Asys_floracion(SC),0.032,0.119,0.031
Asys_floracion(SC),0.04,0.115,0.038
Asys_floracion(SC),0.029,0.098,0.029
Asys_floracion(SC),0.032,0.119,0.032
Asys_floracion(SC),0.04,0.153,0.04
Asys_floracion(SC),0.027,0.101,0.026
Asys_floracion(SC),0.027,0.1,0.026
Asys_floracion(SC),0.028,0.102,0.027
Asys_floracion(SC),0.024,0.089,0.023
Asys_floracion(SC),0.027,0.098,0.026
Asys_floracion(SC),0.022,0.081,0.021
Asys_floracion(SC),0.022,0.085,0.022
Pina_26meses(SC),0.019,0.023,0.036
Pina_26meses(SC),0.013,0.016,0.027
Pina_26meses(SC),0.023,0.027,0.042
Pina_26meses(SC),0.017,0.019,0.028
Pina_26meses(SC),0.016,0.019,0.027
Pina_26meses(SC),0.012,0.015,0.024
Pina_26meses(SC),0.011,0.013,0.02
Pina_26meses(SC),0.014,0.016,0.023
Pina_26meses(SC),0.014,0.017,0.027
Pina_26meses(SC),0.015,0.018,0.027
Pina_26meses(SC),0.015,0.018,0.025
Pina_26meses(SC),0.013,0.015,0.023
Pina_26meses(SC),0.013,0.014,0.02
Pina_26meses(SC),0.014,0.017,0.026
Pina_26meses(SC),0.024,0.028,0.039
Pina_26meses(SC),0.015,0.018,0.031
Pina_26meses(SC),0.019,0.022,0.031
Pina_26meses(SC),0.016,0.018,0.026
Pina_26meses(SC),0.017,0.019,0.03
Pina_26meses(SC),0.016,0.018,0.027
Pina_26meses(SC),0.02,0.023,0.036
Pina_26meses(SC),0.013,0.017,0.027
Pina_26meses(SC),0.024,0.028,0.041
Pina_26meses(SC),0.017,0.019,0.028
Pina_26meses(SC),0.016,0.019,0.027
Pina_26meses(SC),0.012,0.015,0.023
Pina_26meses(SC),0.011,0.013,0.019
Pina_26meses(SC),0.014,0.016,0.023
Pina_26meses(SC),0.014,0.017,0.027
Pina_26meses(SC),0.015,0.018,0.027
Pina_26meses(SC),0.016,0.018,0.025
Pina_26meses(SC),0.013,0.015,0.023
Pina_26meses(SC),0.013,0.015,0.02
Pina_26meses(SC),0.014,0.017,0.026
Pina_26meses(SC),0.024,0.028,0.039
Pina_26meses(SC),0.015,0.018,0.031
Pina_26meses(SC),0.019,0.022,0.031
Pina_26meses(SC),0.016,0.018,0.026
Pina_26meses(SC),0.017,0.02,0.03
Pina_26meses(SC),0.016,0.018,0.027
Pina_26meses(SC),0.02,0.024,0.036
Pina_26meses(SC),0.014,0.017,0.027
Pina_26meses(SC),0.024,0.028,0.041
Pina_26meses(SC),0.017,0.02,0.028
Pina_26meses(SC),0.016,0.019,0.027
Pina_26meses(SC),0.012,0.015,0.023
Pina_26meses(SC),0.011,0.013,0.019
Pina_26meses(SC),0.014,0.017,0.023
Pina_26meses(SC),0.014,0.017,0.027
Pina_26meses(SC),0.015,0.018,0.027
Pina_26meses(SC),0.016,0.018,0.025
Pina_26meses(SC),0.013,0.015,0.023
Pina_26meses(SC),0.013,0.015,0.02
Pina_26meses(SC),0.014,0.017,0.026
Pina_26meses(SC),0.024,0.028,0.039
Pina_26meses(SC),0.015,0.019,0.031
Pina_26meses(SC),0.019,0.022,0.031
Pina_26meses(SC),0.016,0.019,0.026
Pina_26meses(SC),0.017,0.02,0.029
Pina_26meses(SC),0.016,0.019,0.027
Pina_26meses(SC),0.02,0.024,0.036
Pina_26meses(SC),0.014,0.017,0.027
Pina_26meses(SC),0.024,0.028,0.041
Pina_26meses(SC),0.017,0.02,0.028
Pina_26meses(SC),0.017,0.02,0.027
Pina_26meses(SC),0.012,0.015,0.023
Pina_26meses(SC),0.011,0.014,0.019
Pina_26meses(SC),0.014,0.017,0.023
Pina_26meses(SC),0.014,0.017,0.027
Pina_26meses(SC),0.015,0.019,0.027
Pina_26meses(SC),0.016,0.018,0.025
Pina_26meses(SC),0.013,0.016,0.023
Pina_26meses(SC),0.013,0.015,0.02
Pina_26meses(SC),0.014,0.018,0.026
Pina_26meses(SC),0.024,0.029,0.039
Pina_26meses(SC),0.015,0.019,0.031
Pina_26meses(SC),0.019,0.022,0.031
Pina_26meses(SC),0.016,0.019,0.026
Pina_26meses(SC),0.017,0.02,0.029
Pina_26meses(SC),0.016,0.019,0.026
Pina_26meses(SC),0.02,0.024,0.036
Pina_26meses(SC),0.014,0.018,0.027
Pina_26meses(SC),0.024,0.029,0.041
Pina_26meses(SC),0.017,0.02,0.028
Pina_26meses(SC),0.017,0.02,0.027
Pina_26meses(SC),0.012,0.016,0.023
Pina_26meses(SC),0.011,0.014,0.019
Pina_26meses(SC),0.015,0.017,0.023
Pina_26meses(SC),0.014,0.018,0.027
Pina_26meses(SC),0.015,0.019,0.027
Pina_26meses(SC),0.016,0.018,0.025
Pina_26meses(SC),0.013,0.016,0.023
Pina_26meses(SC),0.013,0.015,0.02
Pina_26meses(SC),0.015,0.018,0.026
Pina_26meses(SC),0.025,0.029,0.039
Pina_26meses(SC),0.015,0.019,0.031
Pina_26meses(SC),0.019,0.022,0.031
Pina_26meses(SC),0.016,0.019,0.026
Pina_26meses(SC),0.017,0.02,0.029
Pina_26meses(SC),0.016,0.019,0.026
Pina_26meses(SC),0.02,0.025,0.036
Pina_26meses(SC),0.014,0.018,0.027
Pina_26meses(SC),0.024,0.029,0.041
Pina_26meses(SC),0.017,0.021,0.028
Pina_26meses(SC),0.017,0.02,0.027
Pina_26meses(SC),0.012,0.016,0.023
Pina_26meses(SC),0.011,0.014,0.019
Pina_26meses(SC),0.015,0.017,0.023
Pina_26meses(SC),0.014,0.018,0.027
Pina_26meses(SC),0.015,0.019,0.027
Pina_26meses(SC),0.016,0.019,0.025
Pina_26meses(SC),0.013,0.016,0.023
Pina_26meses(SC),0.013,0.015,0.02
Pina_26meses(SC),0.015,0.018,0.025
Pina_26meses(SC),0.025,0.029,0.039
Pina_26meses(SC),0.015,0.02,0.031
Pina_26meses(SC),0.019,0.023,0.031
Pina_26meses(SC),0.016,0.019,0.026
Pina_26meses(SC),0.017,0.021,0.029
Pina_26meses(SC),0.016,0.02,0.026
Pina_26meses(SC),0.02,0.025,0.036
Pina_26meses(SC),0.014,0.019,0.027
Pina_26meses(SC),0.024,0.03,0.041
Pina_26meses(SC),0.017,0.021,0.028
Pina_26meses(SC),0.017,0.02,0.027
Pina_26meses(SC),0.013,0.016,0.023
Pina_26meses(SC),0.011,0.014,0.019
Pina_26meses(SC),0.015,0.018,0.023
Pina_26meses(SC),0.014,0.018,0.027
Pina_26meses(SC),0.016,0.019,0.027
Pina_26meses(SC),0.016,0.019,0.024
Pina_26meses(SC),0.013,0.016,0.023
Pina_26meses(SC),0.013,0.016,0.02
Pina_26meses(SC),0.015,0.019,0.025
Pina_26meses(SC),0.025,0.03,0.039
Pina_26meses(SC),0.015,0.02,0.031
Pina_26meses(SC),0.019,0.023,0.031
Pina_26meses(SC),0.016,0.02,0.026
Pina_26meses(SC),0.017,0.021,0.029
Pina_26meses(SC),0.016,0.02,0.026
Pina_26meses(SC),0.02,0.026,0.036
Pina_26meses(SC),0.014,0.019,0.027
Pina_26meses(SC),0.024,0.031,0.041
Pina_26meses(SC),0.017,0.021,0.028
Pina_26meses(SC),0.017,0.021,0.027
Pina_26meses(SC),0.013,0.017,0.023
Pina_26meses(SC),0.011,0.015,0.019
Pina_26meses(SC),0.015,0.018,0.022
Pina_26meses(SC),0.014,0.019,0.027
Pina_26meses(SC),0.016,0.02,0.027
Pina_26meses(SC),0.016,0.019,0.024
Pina_26meses(SC),0.013,0.017,0.023
Pina_26meses(SC),0.013,0.016,0.02
Pina_26meses(SC),0.015,0.019,0.025
Pina_26meses(SC),0.025,0.03,0.039
Pina_26meses(SC),0.015,0.021,0.031
Pina_26meses(SC),0.019,0.023,0.031
Pina_26meses(SC),0.016,0.02,0.026
Pina_26meses(SC),0.017,0.021,0.029
Pina_26meses(SC),0.016,0.02,0.026
Pina_26meses(SC),0.02,0.026,0.036
Pina_26meses(SC),0.014,0.02,0.027
Pina_26meses(SC),0.024,0.031,0.041
Pina_26meses(SC),0.017,0.022,0.027
Pina_26meses(SC),0.017,0.021,0.027
Pina_26meses(SC),0.013,0.017,0.023
Pina_26meses(SC),0.011,0.015,0.019
Pina_26meses(SC),0.015,0.018,0.022
Pina_26meses(SC),0.014,0.019,0.027
Pina_26meses(SC),0.016,0.02,0.026
Pina_26meses(SC),0.016,0.02,0.024
Pina_26meses(SC),0.013,0.017,0.023
Pina_26meses(SC),0.013,0.016,0.02
Pina_26meses(SC),0.015,0.019,0.025
Pina_26meses(SC),0.025,0.031,0.039
Pina_26meses(SC),0.015,0.021,0.031
Pina_26meses(SC),0.019,0.023,0.031
Pina_26meses(SC),0.016,0.02,0.025
Pina_26meses(SC),0.017,0.022,0.029
Pina_26meses(SC),0.016,0.021,0.026
Pina_26meses(SC),0.02,0.027,0.036
Pina_26meses(SC),0.014,0.02,0.027
Pina_26meses(SC),0.024,0.032,0.041
Pina_26meses(SC),0.017,0.022,0.027
Pina_26meses(SC),0.017,0.022,0.027
Pina_26meses(SC),0.013,0.017,0.023
Pina_26meses(SC),0.011,0.015,0.019
Pina_26meses(SC),0.015,0.019,0.022
Pina_26meses(SC),0.014,0.02,0.027
Pina_26meses(SC),0.016,0.021,0.026
Pina_26meses(SC),0.016,0.02,0.024
Pina_26meses(SC),0.013,0.018,0.023
Pina_26meses(SC),0.013,0.016,0.02
Pina_26meses(SC),0.015,0.02,0.025
Pina_26meses(SC),0.025,0.031,0.039
Pina_26meses(SC),0.015,0.022,0.03
Pina_26meses(SC),0.019,0.024,0.031
Pina_26meses(SC),0.016,0.021,0.025
Pina_26meses(SC),0.017,0.022,0.029
Pina_26meses(SC),0.016,0.021,0.026
Pina_26meses(SC),0.02,0.027,0.036
Pina_26meses(SC),0.014,0.021,0.026
Pina_26meses(SC),0.024,0.033,0.04
Pina_26meses(SC),0.017,0.022,0.027
Pina_26meses(SC),0.017,0.022,0.026
Pina_26meses(SC),0.013,0.018,0.023
Pina_26meses(SC),0.011,0.016,0.019
Pina_26meses(SC),0.015,0.019,0.022
Pina_26meses(SC),0.014,0.02,0.027
Pina_26meses(SC),0.016,0.021,0.026
Pina_26meses(SC),0.016,0.02,0.024
Pina_26meses(SC),0.013,0.018,0.023
Pina_26meses(SC),0.013,0.017,0.02
Pina_26meses(SC),0.015,0.021,0.025
Pina_26meses(SC),0.025,0.032,0.039
Pina_26meses(SC),0.015,0.022,0.03
Pina_26meses(SC),0.019,0.024,0.031
Pina_26meses(SC),0.016,0.021,0.025
Pina_26meses(SC),0.017,0.023,0.029
Pina_26meses(SC),0.016,0.022,0.026
Pina_26meses(SC),0.02,0.028,0.035
Pina_26meses(SC),0.014,0.021,0.026
Pina_26meses(SC),0.024,0.034,0.04
Pina_26meses(SC),0.017,0.023,0.027
Pina_26meses(SC),0.017,0.022,0.026
Pina_26meses(SC),0.013,0.018,0.023
Pina_26meses(SC),0.011,0.016,0.019
Pina_26meses(SC),0.015,0.02,0.022
Pina_26meses(SC),0.014,0.021,0.027
Pina_26meses(SC),0.016,0.021,0.026
Pina_26meses(SC),0.016,0.021,0.024
Pina_26meses(SC),0.013,0.019,0.023
Pina_26meses(SC),0.013,0.017,0.02
Pina_26meses(SC),0.015,0.021,0.025
Pina_26meses(SC),0.025,0.032,0.039
Pina_26meses(SC),0.015,0.023,0.03
Pina_26meses(SC),0.019,0.025,0.031
Pina_26meses(SC),0.016,0.021,0.025
Pina_26meses(SC),0.017,0.024,0.029
Pina_26meses(SC),0.016,0.022,0.026
Pina_26meses(SC),0.02,0.028,0.035
Pina_26meses(SC),0.014,0.022,0.026
Pina_26meses(SC),0.024,0.035,0.04
Pina_26meses(SC),0.017,0.024,0.027
Pina_26meses(SC),0.017,0.023,0.026
Pina_26meses(SC),0.013,0.019,0.023
Pina_26meses(SC),0.011,0.017,0.019
Pina_26meses(SC),0.015,0.02,0.022
Pina_26meses(SC),0.014,0.021,0.026
Pina_26meses(SC),0.016,0.022,0.026
Pina_26meses(SC),0.016,0.021,0.024
Pina_26meses(SC),0.013,0.019,0.023
Pina_26meses(SC),0.013,0.018,0.02
Pina_26meses(SC),0.015,0.022,0.025
Pina_26meses(SC),0.025,0.033,0.039
Pina_26meses(SC),0.015,0.024,0.03
Pina_26meses(SC),0.019,0.025,0.031
Pina_26meses(SC),0.016,0.022,0.025
Pina_26meses(SC),0.017,0.024,0.029
Pina_26meses(SC),0.016,0.023,0.026
Pina_26meses(SC),0.02,0.029,0.035
Pina_26meses(SC),0.014,0.023,0.026
Pina_26meses(SC),0.024,0.036,0.04
Pina_26meses(SC),0.017,0.024,0.027
Pina_26meses(SC),0.017,0.023,0.026
Pina_26meses(SC),0.013,0.019,0.023
Pina_26meses(SC),0.011,0.017,0.019
Pina_26meses(SC),0.015,0.021,0.022
Pina_26meses(SC),0.014,0.022,0.026
Pina_26meses(SC),0.016,0.022,0.026
Pina_26meses(SC),0.016,0.022,0.024
Pina_26meses(SC),0.013,0.02,0.023
Pina_26meses(SC),0.013,0.018,0.02
Pina_26meses(SC),0.015,0.023,0.025
Pina_26meses(SC),0.025,0.034,0.038
Pina_26meses(SC),0.015,0.024,0.03
Pina_26meses(SC),0.019,0.025,0.031
Pina_26meses(SC),0.016,0.022,0.025
Pina_26meses(SC),0.017,0.025,0.029
Pina_26meses(SC),0.016,0.024,0.026
Pina_26meses(SC),0.02,0.03,0.035
Pina_26meses(SC),0.014,0.024,0.026
Pina_26meses(SC),0.024,0.037,0.039
Pina_26meses(SC),0.017,0.025,0.027
Pina_26meses(SC),0.017,0.024,0.026
Pina_26meses(SC),0.013,0.02,0.023
Pina_26meses(SC),0.011,0.018,0.019
Pina_26meses(SC),0.015,0.021,0.022
Pina_26meses(SC),0.014,0.023,0.026
Pina_26meses(SC),0.016,0.023,0.026
Pina_26meses(SC),0.016,0.022,0.024
Pina_26meses(SC),0.013,0.02,0.022
Pina_26meses(SC),0.013,0.019,0.02
Pina_26meses(SC),0.015,0.023,0.025
Pina_26meses(SC),0.025,0.034,0.038
Pina_26meses(SC),0.015,0.025,0.03
Pina_26meses(SC),0.019,0.026,0.031
Pina_26meses(SC),0.017,0.023,0.025
Pina_26meses(SC),0.017,0.026,0.028
Pina_26meses(SC),0.016,0.024,0.025
Pina_26meses(SC),0.02,0.031,0.035
Pina_26meses(SC),0.014,0.025,0.025
Pina_26meses(SC),0.024,0.038,0.039
Pina_26meses(SC),0.017,0.025,0.027
Pina_26meses(SC),0.017,0.025,0.026
Pina_26meses(SC),0.013,0.021,0.022
Pina_26meses(SC),0.011,0.018,0.019
Pina_26meses(SC),0.015,0.022,0.022
Pina_26meses(SC),0.014,0.023,0.026
Pina_26meses(SC),0.016,0.024,0.026
Pina_26meses(SC),0.016,0.023,0.024
Pina_26meses(SC),0.013,0.021,0.022
Pina_26meses(SC),0.013,0.019,0.019
Pina_26meses(SC),0.015,0.024,0.024
Pina_26meses(SC),0.025,0.035,0.038
Pina_26meses(SC),0.015,0.026,0.029
Pina_26meses(SC),0.02,0.026,0.03
Pina_26meses(SC),0.017,0.024,0.025
Pina_26meses(SC),0.017,0.026,0.028
Pina_26meses(SC),0.016,0.025,0.025
Pina_26meses(SC),0.02,0.032,0.034
Pina_26meses(SC),0.014,0.026,0.025
Pina_26meses(SC),0.024,0.039,0.039
Pina_26meses(SC),0.017,0.026,0.026
Pina_26meses(SC),0.017,0.025,0.026
Pina_26meses(SC),0.013,0.021,0.022
Pina_26meses(SC),0.011,0.019,0.018
Pina_26meses(SC),0.015,0.023,0.022
Pina_26meses(SC),0.015,0.024,0.026
Pina_26meses(SC),0.016,0.024,0.026
Pina_26meses(SC),0.016,0.024,0.023
Pina_26meses(SC),0.013,0.022,0.022
Pina_26meses(SC),0.013,0.02,0.019
Pina_26meses(SC),0.015,0.025,0.024
Pina_26meses(SC),0.025,0.036,0.038
Pina_26meses(SC),0.016,0.027,0.029
Pina_26meses(SC),0.02,0.027,0.03
Pina_26meses(SC),0.017,0.024,0.025
Pina_26meses(SC),0.017,0.027,0.028
Pina_26meses(SC),0.016,0.026,0.025
Pina_26meses(SC),0.02,0.033,0.034
Pina_26meses(SC),0.014,0.027,0.025
Pina_26meses(SC),0.024,0.04,0.038
Pina_26meses(SC),0.017,0.027,0.026
Pina_26meses(SC),0.017,0.026,0.025
Pina_26meses(SC),0.013,0.022,0.022
Pina_26meses(SC),0.012,0.019,0.018
Pina_26meses(SC),0.015,0.024,0.021
Pina_26meses(SC),0.015,0.025,0.025
Pina_26meses(SC),0.016,0.025,0.025
Pina_26meses(SC),0.016,0.024,0.023
Pina_26meses(SC),0.013,0.022,0.022
Pina_26meses(SC),0.013,0.02,0.019
Pina_26meses(SC),0.015,0.026,0.024
Pina_26meses(SC),0.025,0.037,0.037
Pina_26meses(SC),0.016,0.028,0.029
Pina_26meses(SC),0.02,0.028,0.03
Pina_26meses(SC),0.017,0.025,0.024
Pina_26meses(SC),0.017,0.028,0.027
Pina_26meses(SC),0.016,0.027,0.025
Pina_26meses(SC),0.02,0.034,0.033
Pina_26meses(SC),0.014,0.028,0.024
Pina_26meses(SC),0.024,0.042,0.037
Pina_26meses(SC),0.017,0.028,0.026
Pina_26meses(SC),0.017,0.027,0.025
Pina_26meses(SC),0.013,0.023,0.022
Pina_26meses(SC),0.012,0.02,0.018
Pina_26meses(SC),0.015,0.024,0.021
Pina_26meses(SC),0.015,0.026,0.025
Pina_26meses(SC),0.016,0.026,0.025
Pina_26meses(SC),0.016,0.025,0.023
Pina_26meses(SC),0.013,0.023,0.022
Pina_26meses(SC),0.013,0.021,0.019
Pina_26meses(SC),0.015,0.027,0.023
Pina_26meses(SC),0.025,0.038,0.037
Pina_26meses(SC),0.016,0.029,0.028
Pina_26meses(SC),0.02,0.028,0.03
Pina_26meses(SC),0.017,0.026,0.024
Pina_26meses(SC),0.017,0.029,0.027
Pina_26meses(SC),0.016,0.028,0.024
Pina_26meses(SC),0.02,0.035,0.033
Pina_26meses(SC),0.014,0.029,0.024
Pina_26meses(SC),0.024,0.043,0.037
Pina_26meses(SC),0.017,0.029,0.026
Pina_26meses(SC),0.017,0.028,0.025
Pina_26meses(SC),0.013,0.024,0.021
Pina_26meses(SC),0.011,0.021,0.018
Pina_26meses(SC),0.015,0.025,0.021
Pina_26meses(SC),0.015,0.027,0.025
Pina_26meses(SC),0.016,0.027,0.025
Pina_26meses(SC),0.016,0.026,0.022
Pina_26meses(SC),0.013,0.024,0.021
Pina_26meses(SC),0.013,0.022,0.019
Pina_26meses(SC),0.015,0.028,0.023
Pina_26meses(SC),0.025,0.039,0.037
Pina_26meses(SC),0.016,0.03,0.028
Pina_26meses(SC),0.02,0.029,0.03
Pina_26meses(SC),0.017,0.027,0.024
Pina_26meses(SC),0.017,0.03,0.027
Pina_26meses(SC),0.016,0.029,0.024
Pina_26meses(SC),0.021,0.036,0.033
Pina_26meses(SC),0.014,0.03,0.023
Pina_26meses(SC),0.024,0.045,0.036
Pina_26meses(SC),0.018,0.029,0.025
Pina_26meses(SC),0.017,0.029,0.024
Pina_26meses(SC),0.013,0.025,0.021
Pina_26meses(SC),0.012,0.022,0.017
Pina_26meses(SC),0.015,0.026,0.02
Pina_26meses(SC),0.015,0.028,0.024
Pina_26meses(SC),0.016,0.027,0.024
Pina_26meses(SC),0.016,0.027,0.022
Pina_26meses(SC),0.013,0.025,0.021
Pina_26meses(SC),0.013,0.023,0.018
Pina_26meses(SC),0.015,0.029,0.023
Pina_26meses(SC),0.025,0.04,0.036
Pina_26meses(SC),0.016,0.031,0.027
Pina_26meses(SC),0.02,0.03,0.029
Pina_26meses(SC),0.017,0.027,0.024
Pina_26meses(SC),0.017,0.031,0.026
Pina_26meses(SC),0.016,0.03,0.024
Pina_26meses(SC),0.021,0.037,0.032
Pina_26meses(SC),0.014,0.032,0.023
Pina_26meses(SC),0.024,0.047,0.036
Pina_26meses(SC),0.018,0.03,0.025
Pina_26meses(SC),0.017,0.03,0.024
Pina_26meses(SC),0.013,0.026,0.021
Pina_26meses(SC),0.012,0.023,0.017
Pina_26meses(SC),0.015,0.027,0.02
Pina_26meses(SC),0.015,0.029,0.024
Pina_26meses(SC),0.016,0.028,0.024
Pina_26meses(SC),0.016,0.028,0.022
Pina_26meses(SC),0.013,0.026,0.021
Pina_26meses(SC),0.013,0.023,0.018
Pina_26meses(SC),0.015,0.031,0.022
Pina_26meses(SC),0.025,0.041,0.036
Pina_26meses(SC),0.016,0.032,0.027
Pina_26meses(SC),0.02,0.03,0.029
Pina_26meses(SC),0.017,0.028,0.023
Pina_26meses(SC),0.017,0.032,0.026
Pina_26meses(SC),0.016,0.031,0.023
Pina_26meses(SC),0.021,0.038,0.032
Pina_26meses(SC),0.014,0.033,0.022
Pina_26meses(SC),0.024,0.048,0.035
Pina_26meses(SC),0.018,0.032,0.025
Pina_26meses(SC),0.017,0.031,0.024
Pina_26meses(SC),0.013,0.027,0.021
Pina_26meses(SC),0.012,0.023,0.017
Pina_26meses(SC),0.015,0.028,0.02
Pina_26meses(SC),0.015,0.03,0.024
Pina_26meses(SC),0.016,0.029,0.024
Pina_26meses(SC),0.016,0.029,0.022
Pina_26meses(SC),0.013,0.027,0.02
Pina_26meses(SC),0.013,0.024,0.018
Pina_26meses(SC),0.015,0.032,0.022
Pina_26meses(SC),0.025,0.042,0.035
Pina_26meses(SC),0.016,0.034,0.027
Pina_26meses(SC),0.02,0.031,0.029
Pina_26meses(SC),0.017,0.029,0.023
Pina_26meses(SC),0.017,0.033,0.026
Pina_26meses(SC),0.017,0.032,0.023
Pina_26meses(SC),0.021,0.039,0.032
Pina_26meses(SC),0.014,0.035,0.022
Pina_26meses(SC),0.024,0.05,0.034
Pina_26meses(SC),0.018,0.033,0.024
Pina_26meses(SC),0.017,0.031,0.024
Pina_26meses(SC),0.013,0.028,0.02
Pina_26meses(SC),0.012,0.024,0.017
Pina_26meses(SC),0.015,0.029,0.02
Pina_26meses(SC),0.015,0.031,0.023
Pina_26meses(SC),0.016,0.03,0.024
Pina_26meses(SC),0.016,0.03,0.021
Pina_26meses(SC),0.013,0.028,0.02
Pina_26meses(SC),0.013,0.025,0.018
Pina_26meses(SC),0.015,0.033,0.022
Pina_26meses(SC),0.025,0.044,0.035
Pina_26meses(SC),0.016,0.035,0.026
Pina_26meses(SC),0.02,0.032,0.029
Pina_26meses(SC),0.017,0.03,0.023
Pina_26meses(SC),0.017,0.035,0.025
Pina_26meses(SC),0.016,0.033,0.023
Pina_26meses(SC),0.021,0.04,0.031
Pina_26meses(SC),0.014,0.036,0.022
Pina_26meses(SC),0.025,0.052,0.034
Pina_26meses(SC),0.018,0.033,0.024
Pina_26meses(SC),0.017,0.032,0.023
Pina_26meses(SC),0.013,0.029,0.02
Pina_26meses(SC),0.012,0.025,0.017
Pina_26meses(SC),0.015,0.03,0.019
Pina_26meses(SC),0.015,0.032,0.023
Pina_26meses(SC),0.016,0.031,0.023
Pina_26meses(SC),0.016,0.031,0.021
Pina_26meses(SC),0.013,0.029,0.02
Pina_26meses(SC),0.013,0.026,0.017
Pina_26meses(SC),0.015,0.034,0.021
Pina_26meses(SC),0.025,0.045,0.035
Pina_26meses(SC),0.016,0.036,0.026
Pina_26meses(SC),0.02,0.033,0.028
Pina_26meses(SC),0.017,0.031,0.023
Pina_26meses(SC),0.017,0.036,0.025
Pina_26meses(SC),0.017,0.034,0.022
Pina_26meses(SC),0.021,0.042,0.031
Pina_26meses(SC),0.014,0.037,0.021
Pina_26meses(SC),0.025,0.053,0.033
Pina_26meses(SC),0.018,0.034,0.024
Pina_26meses(SC),0.017,0.033,0.023
Pina_26meses(SC),0.013,0.03,0.02
Pina_26meses(SC),0.012,0.026,0.016
Pina_26meses(SC),0.015,0.032,0.019
Pina_26meses(SC),0.015,0.033,0.023
Pina_26meses(SC),0.016,0.032,0.023
Pina_26meses(SC),0.016,0.032,0.021
Pina_26meses(SC),0.013,0.03,0.02
Pina_26meses(SC),0.013,0.027,0.017
Pina_26meses(SC),0.015,0.036,0.021
Pina_26meses(SC),0.025,0.046,0.034
Pina_26meses(SC),0.016,0.037,0.026
Pina_26meses(SC),0.02,0.034,0.028
Pina_26meses(SC),0.017,0.032,0.022
Pina_26meses(SC),0.017,0.037,0.024
Pina_26meses(SC),0.017,0.035,0.022
Pina_26meses(SC),0.021,0.043,0.031
Pina_26meses(SC),0.014,0.039,0.021
Pina_26meses(SC),0.025,0.055,0.033
Pina_26meses(SC),0.018,0.035,0.024
Pina_26meses(SC),0.017,0.034,0.023
Pina_26meses(SC),0.013,0.031,0.02
Pina_26meses(SC),0.012,0.027,0.016
Pina_26meses(SC),0.015,0.033,0.019
Pina_26meses(SC),0.015,0.034,0.023
Pina_26meses(SC),0.016,0.033,0.023
Pina_26meses(SC),0.016,0.033,0.021
Pina_26meses(SC),0.013,0.031,0.02
Pina_26meses(SC),0.013,0.028,0.017
Pina_26meses(SC),0.015,0.037,0.021
Pina_26meses(SC),0.025,0.047,0.034
Pina_26meses(SC),0.016,0.039,0.025
Pina_26meses(SC),0.02,0.034,0.028
Pina_26meses(SC),0.017,0.033,0.022
Pina_26meses(SC),0.017,0.038,0.024
Pina_26meses(SC),0.017,0.037,0.022
Pina_26meses(SC),0.021,0.044,0.03
Pina_26meses(SC),0.014,0.04,0.021
Pina_26meses(SC),0.025,0.056,0.033
Pina_26meses(SC),0.018,0.037,0.023
Pina_26meses(SC),0.017,0.035,0.023
Pina_26meses(SC),0.013,0.032,0.019
Pina_26meses(SC),0.012,0.027,0.016
Pina_26meses(SC),0.015,0.034,0.019
Pina_26meses(SC),0.015,0.035,0.022
Pina_26meses(SC),0.016,0.034,0.023
Pina_26meses(SC),0.016,0.034,0.02
Pina_26meses(SC),0.013,0.032,0.019
Pina_26meses(SC),0.013,0.028,0.017
Pina_26meses(SC),0.015,0.038,0.021
Pina_26meses(SC),0.026,0.048,0.034
Pina_26meses(SC),0.016,0.04,0.025
Pina_26meses(SC),0.02,0.035,0.028
Pina_26meses(SC),0.017,0.034,0.022
Pina_26meses(SC),0.018,0.039,0.024
Pina_26meses(SC),0.017,0.038,0.021
Pina_26meses(SC),0.021,0.045,0.03
Pina_26meses(SC),0.014,0.041,0.02
Pina_26meses(SC),0.025,0.058,0.032
Pina_26meses(SC),0.018,0.038,0.023
Pina_26meses(SC),0.017,0.036,0.023
Pina_26meses(SC),0.013,0.033,0.019
Pina_26meses(SC),0.012,0.028,0.016
Pina_26meses(SC),0.015,0.035,0.019
Pina_26meses(SC),0.015,0.036,0.022
Pina_26meses(SC),0.016,0.034,0.023
Pina_26meses(SC),0.016,0.035,0.02
Pina_26meses(SC),0.014,0.033,0.019
Pina_26meses(SC),0.013,0.029,0.017
Pina_26meses(SC),0.015,0.039,0.02
Pina_26meses(SC),0.026,0.049,0.033
Pina_26meses(SC),0.016,0.041,0.025
Pina_26meses(SC),0.02,0.036,0.028
Pina_26meses(SC),0.017,0.035,0.022
Pina_26meses(SC),0.018,0.04,0.024
Pina_26meses(SC),0.017,0.039,0.021
Pina_26meses(SC),0.021,0.046,0.03
Pina_26meses(SC),0.014,0.043,0.02
Pina_26meses(SC),0.025,0.059,0.032
Pina_26meses(SC),0.018,0.039,0.023
Pina_26meses(SC),0.017,0.037,0.023
Pina_26meses(SC),0.013,0.034,0.019
Pina_26meses(SC),0.012,0.029,0.016
Pina_26meses(SC),0.015,0.036,0.019
Pina_26meses(SC),0.015,0.037,0.022
Pina_26meses(SC),0.016,0.035,0.023
Pina_26meses(SC),0.016,0.036,0.02
Pina_26meses(SC),0.014,0.034,0.019
Pina_26meses(SC),0.013,0.03,0.017
Pina_26meses(SC),0.015,0.041,0.02
Pina_26meses(SC),0.026,0.05,0.033
Pina_26meses(SC),0.016,0.042,0.024
Pina_26meses(SC),0.02,0.037,0.028
Pina_26meses(SC),0.017,0.036,0.022
Pina_26meses(SC),0.018,0.041,0.024
Pina_26meses(SC),0.017,0.04,0.021
Pina_26meses(SC),0.021,0.047,0.03
Pina_26meses(SC),0.015,0.044,0.02
Pina_26meses(SC),0.025,0.061,0.032
Pina_26meses(SC),0.018,0.039,0.023
Pina_26meses(SC),0.018,0.038,0.022
Pina_26meses(SC),0.013,0.035,0.019
Pina_26meses(SC),0.012,0.03,0.016
Pina_26meses(SC),0.015,0.037,0.018
Pina_26meses(SC),0.015,0.038,0.022
Pina_26meses(SC),0.016,0.036,0.023
Pina_26meses(SC),0.016,0.037,0.02
Pina_26meses(SC),0.014,0.035,0.019
Pina_26meses(SC),0.013,0.031,0.017
Pina_26meses(SC),0.015,0.042,0.02
Pina_26meses(SC),0.026,0.051,0.033
Pina_26meses(SC),0.016,0.043,0.024
Pina_26meses(SC),0.02,0.037,0.027
Pina_26meses(SC),0.017,0.037,0.021
Pina_26meses(SC),0.018,0.042,0.023
Pina_26meses(SC),0.017,0.041,0.021
Pina_26meses(SC),0.021,0.048,0.03
Pina_26meses(SC),0.015,0.045,0.02
Pina_26meses(SC),0.025,0.062,0.031
Pina_26meses(SC),0.018,0.04,0.023
Pina_26meses(SC),0.018,0.039,0.022
Pina_26meses(SC),0.013,0.036,0.019
Pina_26meses(SC),0.012,0.03,0.015
Pina_26meses(SC),0.015,0.038,0.018
Pina_26meses(SC),0.015,0.039,0.022
Pina_26meses(SC),0.016,0.037,0.022
Pina_26meses(SC),0.016,0.037,0.02
Pina_26meses(SC),0.014,0.036,0.019
Pina_26meses(SC),0.013,0.032,0.017
Pina_26meses(SC),0.015,0.043,0.02
Pina_26meses(SC),0.026,0.052,0.033
Pina_26meses(SC),0.016,0.045,0.024
Pina_26meses(SC),0.02,0.038,0.027
Pina_26meses(SC),0.017,0.038,0.021
Pina_26meses(SC),0.018,0.043,0.023
Pina_26meses(SC),0.017,0.042,0.021
Pina_26meses(SC),0.021,0.049,0.029
Pina_26meses(SC),0.015,0.046,0.02
Pina_26meses(SC),0.025,0.064,0.031
Pina_26meses(SC),0.018,0.041,0.023
Pina_26meses(SC),0.018,0.04,0.022
Pina_26meses(SC),0.013,0.036,0.019
Pina_26meses(SC),0.012,0.031,0.015
Pina_26meses(SC),0.015,0.039,0.018
Pina_26meses(SC),0.015,0.04,0.022
Pina_26meses(SC),0.016,0.038,0.022
Pina_26meses(SC),0.016,0.038,0.02
Pina_26meses(SC),0.014,0.037,0.019
Pina_26meses(SC),0.014,0.032,0.016
Pina_26meses(SC),0.015,0.044,0.02
Pina_26meses(SC),0.026,0.053,0.033
Pina_26meses(SC),0.016,0.046,0.024
Pina_26meses(SC),0.02,0.039,0.027
Pina_26meses(SC),0.017,0.038,0.021
Pina_26meses(SC),0.018,0.044,0.023
Pina_26meses(SC),0.017,0.043,0.021
Pina_26meses(SC),0.021,0.05,0.029
Pina_26meses(SC),0.015,0.047,0.02
Pina_26meses(SC),0.025,0.065,0.031
Pina_26meses(SC),0.018,0.042,0.022
Pina_26meses(SC),0.018,0.04,0.022
Pina_26meses(SC),0.013,0.037,0.019
Pina_26meses(SC),0.012,0.032,0.015
Pina_26meses(SC),0.015,0.039,0.018
Pina_26meses(SC),0.015,0.041,0.022
Pina_26meses(SC),0.017,0.038,0.022
Pina_26meses(SC),0.017,0.039,0.02
Pina_26meses(SC),0.014,0.038,0.019
Pina_26meses(SC),0.014,0.033,0.016
Pina_26meses(SC),0.015,0.045,0.02
Pina_26meses(SC),0.026,0.054,0.033
Pina_26meses(SC),0.016,0.047,0.024
Pina_26meses(SC),0.02,0.039,0.027
Pina_26meses(SC),0.017,0.039,0.021
Pina_26meses(SC),0.018,0.045,0.023
Pina_26meses(SC),0.017,0.044,0.021
Pina_26meses(SC),0.021,0.051,0.029
Pina_26meses(SC),0.015,0.048,0.019
Pina_26meses(SC),0.025,0.066,0.031
Pina_26meses(SC),0.018,0.043,0.022
Pina_26meses(SC),0.018,0.041,0.022
Pina_26meses(SC),0.014,0.038,0.019
Pina_26meses(SC),0.012,0.032,0.015
Pina_26meses(SC),0.015,0.04,0.018
Pina_26meses(SC),0.015,0.042,0.021
Pina_26meses(SC),0.017,0.039,0.022
Pina_26meses(SC),0.017,0.04,0.02
Pina_26meses(SC),0.014,0.039,0.018
Pina_26meses(SC),0.014,0.034,0.016
Pina_26meses(SC),0.015,0.046,0.019
Pina_26meses(SC),0.026,0.055,0.033
Pina_26meses(SC),0.016,0.047,0.023
Pina_26meses(SC),0.02,0.04,0.027
Pina_26meses(SC),0.017,0.04,0.021
Pina_26meses(SC),0.018,0.046,0.023
Pina_26meses(SC),0.017,0.045,0.02
Pina_26meses(SC),0.021,0.052,0.029
Pina_26meses(SC),0.015,0.049,0.019
Pina_26meses(SC),0.025,0.067,0.03
Pina_26meses(SC),0.018,0.044,0.022
Pina_26meses(SC),0.018,0.042,0.022
Pina_26meses(SC),0.014,0.039,0.018
Pina_26meses(SC),0.012,0.033,0.015
Pina_26meses(SC),0.015,0.041,0.018
Pina_26meses(SC),0.015,0.043,0.021
Pina_26meses(SC),0.017,0.039,0.022
Pina_26meses(SC),0.017,0.04,0.019
Pina_26meses(SC),0.014,0.039,0.018
Pina_26meses(SC),0.014,0.034,0.016
Pina_26meses(SC),0.016,0.047,0.019
Pina_26meses(SC),0.026,0.056,0.032
Pina_26meses(SC),0.016,0.048,0.023
Pina_26meses(SC),0.02,0.041,0.027
Pina_26meses(SC),0.017,0.041,0.021
Pina_26meses(SC),0.018,0.046,0.023
Pina_26meses(SC),0.017,0.046,0.02
Pina_26meses(SC),0.021,0.053,0.028
Pina_26meses(SC),0.015,0.05,0.019
Pina_26meses(SC),0.025,0.068,0.03
Pina_26meses(SC),0.018,0.044,0.022
Pina_26meses(SC),0.018,0.042,0.022
Pina_26meses(SC),0.014,0.039,0.018
Pina_26meses(SC),0.012,0.033,0.015
Pina_26meses(SC),0.015,0.041,0.018
Pina_26meses(SC),0.015,0.043,0.021
Pina_26meses(SC),0.017,0.04,0.022
Pina_26meses(SC),0.017,0.041,0.019
Pina_26meses(SC),0.014,0.04,0.018
Pina_26meses(SC),0.014,0.035,0.016
Pina_26meses(SC),0.016,0.048,0.019
Pina_26meses(SC),0.026,0.056,0.032
Pina_26meses(SC),0.017,0.049,0.023
Pina_26meses(SC),0.021,0.041,0.027
Pina_26meses(SC),0.017,0.041,0.021
Pina_26meses(SC),0.018,0.047,0.022
Pina_26meses(SC),0.017,0.046,0.02
Pina_26meses(SC),0.022,0.053,0.028
Pina_26meses(SC),0.015,0.05,0.019
Pina_26meses(SC),0.025,0.069,0.03
Pina_26meses(SC),0.018,0.045,0.022
Pina_26meses(SC),0.018,0.043,0.021
Pina_26meses(SC),0.014,0.04,0.018
Pina_26meses(SC),0.012,0.034,0.015
Pina_26meses(SC),0.015,0.042,0.017
Pina_26meses(SC),0.016,0.044,0.021
Pina_26meses(SC),0.017,0.04,0.022
Pina_26meses(SC),0.017,0.042,0.019
Pina_26meses(SC),0.014,0.041,0.018
Pina_26meses(SC),0.014,0.035,0.016
Pina_26meses(SC),0.016,0.048,0.019
Pina_26meses(SC),0.026,0.057,0.032
Pina_26meses(SC),0.017,0.05,0.023
Pina_26meses(SC),0.021,0.042,0.027
Pina_26meses(SC),0.017,0.042,0.021
Pina_26meses(SC),0.018,0.048,0.022
Pina_26meses(SC),0.017,0.047,0.02
Pina_26meses(SC),0.022,0.054,0.028
Pina_26meses(SC),0.015,0.051,0.018
Pina_26meses(SC),0.026,0.07,0.029
Pina_26meses(SC),0.018,0.045,0.021
Pina_26meses(SC),0.018,0.043,0.021
Pina_26meses(SC),0.014,0.04,0.018
Pina_26meses(SC),0.012,0.034,0.015
Pina_26meses(SC),0.015,0.043,0.017
Pina_26meses(SC),0.016,0.044,0.02
Pina_26meses(SC),0.017,0.041,0.021
Pina_26meses(SC),0.017,0.042,0.019
Pina_26meses(SC),0.014,0.041,0.018
Pina_26meses(SC),0.014,0.036,0.016
Pina_26meses(SC),0.016,0.049,0.018
Pina_26meses(SC),0.026,0.058,0.032
Pina_26meses(SC),0.017,0.051,0.022
Pina_26meses(SC),0.021,0.042,0.026
Pina_26meses(SC),0.017,0.042,0.02
Pina_26meses(SC),0.018,0.048,0.022
Pina_26meses(SC),0.017,0.048,0.019
Pina_26meses(SC),0.022,0.054,0.027
Pina_26meses(SC),0.015,0.052,0.018
Pina_26meses(SC),0.026,0.07,0.029
Pina_26meses(SC),0.018,0.046,0.021
Pina_26meses(SC),0.018,0.044,0.021
Pina_26meses(SC),0.014,0.041,0.018
Pina_26meses(SC),0.012,0.034,0.014
Pina_26meses(SC),0.016,0.043,0.017
Pina_26meses(SC),0.016,0.045,0.02
Pina_26meses(SC),0.017,0.041,0.021
Pina_26meses(SC),0.017,0.043,0.019
Pina_26meses(SC),0.014,0.042,0.017
Pina_26meses(SC),0.014,0.036,0.015
Pina_26meses(SC),0.016,0.05,0.018
Pina_26meses(SC),0.026,0.058,0.031
Pina_26meses(SC),0.017,0.051,0.022
Pina_26meses(SC),0.021,0.042,0.026
Pina_26meses(SC),0.017,0.043,0.02
Pina_26meses(SC),0.018,0.049,0.022
Pina_26meses(SC),0.017,0.048,0.019
Pina_26meses(SC),0.022,0.055,0.027
Pina_26meses(SC),0.015,0.052,0.018
Pina_26meses(SC),0.026,0.071,0.028
Pina_26meses(SC),0.019,0.046,0.021
Pina_26meses(SC),0.018,0.044,0.021
Pina_26meses(SC),0.014,0.041,0.017
Pina_26meses(SC),0.012,0.035,0.014
Pina_26meses(SC),0.016,0.043,0.017
Pina_26meses(SC),0.016,0.045,0.02
Pina_26meses(SC),0.017,0.042,0.021
Pina_26meses(SC),0.017,0.043,0.018
Pina_26meses(SC),0.014,0.042,0.017
Pina_26meses(SC),0.014,0.037,0.015
Pina_26meses(SC),0.016,0.05,0.018
Pina_26meses(SC),0.027,0.059,0.031
Pina_26meses(SC),0.017,0.052,0.022
Pina_26meses(SC),0.021,0.043,0.026
Pina_26meses(SC),0.018,0.043,0.02
Pina_26meses(SC),0.018,0.049,0.021
Pina_26meses(SC),0.017,0.049,0.019
Pina_26meses(SC),0.022,0.055,0.027
Pina_26meses(SC),0.016,0.053,0.017
Pina_26meses(SC),0.026,0.072,0.028
Pina_26meses(SC),0.019,0.047,0.021
Pina_26meses(SC),0.018,0.045,0.021
Pina_26meses(SC),0.014,0.042,0.017
Pina_26meses(SC),0.012,0.035,0.014
Pina_26meses(SC),0.016,0.044,0.017
Pina_26meses(SC),0.016,0.046,0.02
Pina_26meses(SC),0.017,0.042,0.021
Pina_26meses(SC),0.017,0.044,0.018
Pina_26meses(SC),0.014,0.042,0.017
Pina_26meses(SC),0.014,0.037,0.015
Pina_26meses(SC),0.016,0.05,0.018
Pina_26meses(SC),0.027,0.059,0.031
Pina_26meses(SC),0.017,0.052,0.021
Pina_26meses(SC),0.021,0.043,0.026
Pina_26meses(SC),0.018,0.044,0.02
Pina_26meses(SC),0.019,0.05,0.021
Pina_26meses(SC),0.018,0.049,0.019
Pina_26meses(SC),0.022,0.056,0.026
Pina_26meses(SC),0.016,0.053,0.017
Pina_26meses(SC),0.026,0.072,0.028
Pina_26meses(SC),0.019,0.047,0.02
Pina_26meses(SC),0.018,0.045,0.02
Pina_26meses(SC),0.014,0.042,0.017
Pina_26meses(SC),0.013,0.035,0.014
Pina_26meses(SC),0.016,0.044,0.016
Pina_26meses(SC),0.016,0.046,0.02
Pina_26meses(SC),0.017,0.042,0.021
Pina_26meses(SC),0.017,0.044,0.018
Pina_26meses(SC),0.014,0.043,0.017
Pina_26meses(SC),0.014,0.037,0.015
Pina_26meses(SC),0.016,0.051,0.017
Pina_26meses(SC),0.027,0.06,0.031
Pina_26meses(SC),0.017,0.053,0.021
Pina_26meses(SC),0.021,0.044,0.026
Pina_26meses(SC),0.018,0.044,0.02
Pina_26meses(SC),0.019,0.05,0.021
Pina_26meses(SC),0.018,0.049,0.018
Pina_26meses(SC),0.022,0.056,0.026
Pina_26meses(SC),0.016,0.054,0.017
Pina_26meses(SC),0.027,0.073,0.027
Pina_26meses(SC),0.019,0.047,0.02
Pina_26meses(SC),0.019,0.045,0.02
Pina_26meses(SC),0.014,0.042,0.017
Pina_26meses(SC),0.013,0.036,0.014
Pina_26meses(SC),0.016,0.045,0.016
Pina_26meses(SC),0.016,0.046,0.019
Pina_26meses(SC),0.018,0.042,0.02
Pina_26meses(SC),0.017,0.044,0.018
Pina_26meses(SC),0.015,0.043,0.017
Pina_26meses(SC),0.014,0.037,0.015
Pina_26meses(SC),0.016,0.051,0.017
Pina_26meses(SC),0.027,0.06,0.03
Pina_26meses(SC),0.018,0.053,0.021
Pina_26meses(SC),0.021,0.044,0.026
Pina_26meses(SC),0.018,0.044,0.019
Pina_26meses(SC),0.019,0.05,0.021
Pina_26meses(SC),0.018,0.05,0.018
Pina_26meses(SC),0.023,0.057,0.026
Pina_26meses(SC),0.016,0.054,0.017
Pina_26meses(SC),0.027,0.073,0.027
Pina_26meses(SC),0.019,0.048,0.02
Pina_26meses(SC),0.019,0.045,0.02
Pina_26meses(SC),0.014,0.043,0.017
Pina_26meses(SC),0.013,0.036,0.014
Pina_26meses(SC),0.016,0.045,0.016
Pina_26meses(SC),0.016,0.047,0.019
Pina_26meses(SC),0.018,0.043,0.02
Pina_26meses(SC),0.017,0.045,0.018
Pina_26meses(SC),0.015,0.043,0.016
Pina_26meses(SC),0.014,0.038,0.015
Pina_26meses(SC),0.017,0.052,0.017
Pina_26meses(SC),0.027,0.06,0.03
Pina_26meses(SC),0.018,0.053,0.021
Pina_26meses(SC),0.021,0.044,0.025
Pina_26meses(SC),0.018,0.045,0.019
Pina_26meses(SC),0.019,0.051,0.02
Pina_26meses(SC),0.018,0.05,0.018
